word	translation	frequency	source	review_reason	alt_translation
phosphorus	磷	2201635	both	both_bad	n. 磷
than	conj. 比；除…外（用于other等之后）；与其…（用于 rather等之后）；一…就（用于 sooner等之后）；prep. 比	502609275	both	score	比（用于形容词、副词的比较级之后）；除…外（用于other等之后）；与其…（用于 rather等之后）；一…就（用于 no sooner等之后）
credit	n. 信用；荣誉；学分；赞扬；贷款；赊欠；贷方；存款；(复)credits: 演职员名单.；v. 归功于；相信；记入贷方	175916536	both	close_common	n. 信用；荣誉；学分；赞扬；贷款；赊欠；贷方；存款|(复)credits: 演职员名单.|v. 归功于；相信；记入贷方
going	n. 去；离去；地面(或道路)的状况；进展；(复)goings: 行为.；adj. 运转中的；营业中的；现有的；流行的	155284081	both	close_common	n. 去；离去；地面(或道路)的状况；进展|(复)goings: 行为.|adj. 运转中的；营业中的；现有的；流行的
working	adj. 做工作的；劳动的；工作上的；初步的；暂定的；基本够用的；起作用的；n. 矿；作业区；（复）workings：运作；工作方法.	147675944	both	close_common	adj. 做工作的；劳动的；工作上的；初步的；暂定的；基本够用的；起作用的|n. 矿；作业区|（复）workings：运作；工作方法.
making	n. 制成；成功之道；(复)makings: 要素.	124198695	both	close_common	n. 制成；成功之道|(复)makings: 要素.|动词make的现在分词形式.
porn	色情描写，色情文学；黄色书刊，色情照片（等于pornography）	119294962	both	close_common	n. <口>色情文学，色情描写，色情刊物|adj. <口>色情的，色情文学的|=pornography/pornographic
having	n. 所有；持有；(复)havings: 所有财产.	109360096	both	close_common	n. 所有；持有|(复)havings: 所有财产.|动词have的现在分词形式.
st	标准时间；Shipping装货单	101338951	both	close_common	abbr. 标准时间（=standard time）；街道（=street）
url	abbr. 统一资源定位器（ ，在Internet的www服务程序上用于指定信息位置的表示方法）	100907064	both	close_common	abbr. 统一资源定位器（=Uniform Resource Locator，在Internet的www服务程序上用于指定信息位置的表示方法）
french	n. 法国人；法语；adj. 法国人的；法国的；法语的；french.；vt. (从骨头)剔肉；切成细条	81396759	both	close_common	n. 法国人；法语|adj. 法国人的；法国的；法语的|french.|vt. (从骨头)剔肉；切成细条
doing	n. 做；(复)doings: 所作之事，行为，活动	80821946	both	close_common	n. 做；(复)doings: 所作之事，行为，活动|动词do的现在分词.
pics	n. 照片；电影；picture的简写.	79323162	both	score	生产信息控制系统（Production Information and Control System）
ltd	有限责任公司；激光目标指示器（等于 Designator）	65747979	both	close_common	abbr. （=Limited）有限公司
cancer	n. 癌；肿瘤；毒瘤；Cancer.；n. 巨蟹座	65078084	both	domain_medical	[天] 巨蟹座
mr	n. 先生(Mister的缩写)	55692230	both	score	先生（Mister）
authors	n. 作家；作者；vt. 编写；创作；Author.；n. 上帝	52891750	both	close_common	n. 作家；作者|vt. 编写；创作|Author.|n. 上帝
ed	Edmund，Edward，Edwin等的昵称	51788932	both	close_common	n. Edmund；Edward；Edwin；Edgar；Edmond之昵称
spain	n. 西班牙（西南欧一国家，全称为 Spain，首都为Madrid）	51553238	both	close_common	n. 西班牙（西南欧一国家，全称为the Kingdom of Spain，首都为Madrid）
jersey	n. 毛线衫；毛织运动衫；Jersey: 泽西岛； 泽西乳牛.	48658750	both	close_common	n. 毛线衫；毛织运动衫|Jersey: 泽西岛； 泽西乳牛.
respect	vt. 尊敬；尊重；遵守；关于；涉及；n. 尊敬；敬重；关系；方面；n. （复）respects: 敬意；问候	48329678	both	close_common	vt. 尊敬；尊重；遵守；关于；涉及|n. 尊敬；敬重；关系；方面|n. （复）respects: 敬意；问候
themselves	pron. 他/她/它们自己；他/她/它们亲自；指性别不详的人时用以代替himself或herself；himself/herself/	47176048	both	close_common	pron. 他/她/它们自己；他/她/它们亲自；指性别不详的人时用以代替himself或herself|himself/herself/itself的复数.
francisco	弗朗西斯科（男子名，等于Francis）	45480506	both	close_common	n. 弗朗西斯科(男子名)|=Francis.
se	abbr. 东南；音响效果；二次发射；标准英语（ ； effect； emmision	39483236	both	close_common	abbr. 东南；音响效果；二次发射；标准英语（= southeast；sound effect；seconday emmision；standard English)
ga	n. 镓(元素gallium的符号)；abbr. 总代理人	38185755	both	close_common	n. 镓(元素gallium的符号)|abbr. 总代理人（=General Agent）
spirit	n. 精神；心灵；幽灵；精灵；(复)spirits：精力；情绪；烈酒.；v. 使精神振作；偷偷带走	36971683	both	close_common	n. 精神；心灵；幽灵；精灵|(复)spirits：精力；情绪；烈酒.|v. 使精神振作；偷偷带走
obtained	adj. 获得的；动词obtain过去式和过去分词.	33486258	both	score	获得（obtain的过去分词）
netherlands	荷兰（形容词Netherlandish）；地区名	30672254	both	score	n. 荷兰（国家名，全称the Kingdom of the Netherlands）
figures	n. 图形，数字，外形，体型，形状，人物，塑像，图表，(冰上表演动作的)花样（figure的复数形式；v. 是重要部分，认为，演算，领会到	30231772	both	close_common	n. 图形，数字，外形，体型，形状，人物，塑像，图表，(冰上表演动作的)花样（figure的复数形式|v. 是重要部分，认为，演算，领会到（figure的第三人称单数）
sd	标准偏差；美国南达科他州（邮政编码， Dakota）；侧视图	28394298	both	close_common	abbr. 南达科塔(=South Dakota)
degrees	n. 度；学位；名词degree复数形式.	28091266	both	score	角度，学历；度数（degree的复数）
inches	n. 英寸；少量；v. 慢慢移动；（复）inches: 身高.	28018680	both	close_common	n. 英寸；少量|v. 慢慢移动|（复）inches: 身高.
feeling	n. 感觉；知觉；气氛；鉴赏力；反感；adj. 有感情的；富于同情心的；含情脉脉的；（复）feelings：感情.	26546473	both	close_common	n. 感觉；知觉；气氛；鉴赏力；反感|adj. 有感情的；富于同情心的；含情脉脉的|（复）feelings：感情.
pda	个人数字助理（等于 Assistant）；秀恩爱	26454587	both	close_common	abbr. 个人数字助理 (=Personal Digital Assistant)
licensed	得到许可的（等于licenced）	26151610	both	close_common	adj. 得到许可的|动词license的过去式和过去分词形式.
patterns	n. 式样；图案；样式；模式；名词的pattern复数形式.	25809816	both	score	模式（pattern的复数形式）
lib	解放的（等于liberal）；解放论者的	24291030	both	close_common	n. <非正式> 解放运动|abbr. 自由的(=liberal)；图书管(=library)；图书管理员(=librarian)
cam	abbr. 计算机辅助制造 - manufacturing；n. 凸轮	23995601	both	close_common	abbr. 计算机辅助制造=computer-aided manufacturing|n. 凸轮
ram	随机访问内存（ memory的缩写）；随机存取存储器（ memory的缩写）	23864106	both	score	n. 公羊；撞锤；撞击装置；有撞角的军舰；（水压机的）活塞|v. 撞击；填塞；强迫通过或接受|abbr. 随机存取存储器(=random access memory)|Ram.|n. 白羊座
sessions	n. 会议；研讨；学期；法庭；Sessions.；n. 塞森斯（美国作曲家）	21505885	both	close_common	n. 会议；研讨；学期；法庭|名词session的复数形式.|Sessions.|n. 塞森斯（美国作曲家）
labour	n. 劳动；劳工；分娩；v. 努力；干苦力活；困难吃力地行进；反复说明；Labour；n. (英国)工党	21288089	both	close_common	n. 劳动；劳工；分娩|v. 努力；干苦力活；困难吃力地行进；反复说明|Labour|n. (英国)工党
saving	n. 节约； 挽救；savings:储蓄金； 存款；prep. 除 ... 之外；conj. 除了； 除去； 的现在分词	21120835	both	close_common	n.  节约； 挽救|（复数)savings:储蓄金； 存款|prep.  除 ... 之外|conj.  除了； 除去|save 的现在分词
avatar	n. （网络空间中使用的）头像；化身；（印度教）天神下凡；Avatar.；n. 阿凡达	21069571	both	close_common	n. （网络空间中使用的）头像；化身；（印度教）天神下凡|Avatar.|n. 阿凡达
hundred	num. 百；n. 一百元；（复）hundreds: 成百上千；许多.	18339491	both	close_common	num. 百|n. 一百元|（复）hundreds: 成百上千；许多.
marshall	元帅；典礼官；执法官；法官的随行官员（等于 marshal）	17684438	both	close_common	Marshall: 马歇尔(人名, 姓氏）
dealing	n. 经营方法；行为态度；dealings:商务往来； 交往.	17303748	both	close_common	n. 经营方法；行为态度|(复数）dealings:商务往来； 交往.|动词deal的现在分词.
biz	商业（等于business）	17067959	both	close_common	n. 商业；生意|=business.
andy	n. 安迪（男子名，Andrew的昵称）；安迪（女子名，Andrea的昵称）	16447205	both	close_common	n. 安迪（男子名，Andrew的昵称）；安迪（女子名，Andrea的昵称）
greg	格雷格（男子名，等于Gregory）	15681408	both	close_common	n. 格瑞格(男子名；Gregory的昵称)
nz	新西兰（国家名， Zealand）；新西兰国家航空公司	15445373	both	close_common	abbr. 新西兰(=New Zealand)
republican	n. 拥护共和政体的人；adj. 共和政体的；Republican: 共和党人.；Republican: 共和党的.	14056260	both	close_common	n. 拥护共和政体的人|adj. 共和政体的|Republican: 共和党人.|Republican: 共和党的.
polish	n. 光泽；上光剂；优雅；精良；v. 擦亮；磨光；推敲；完善；Polish.；adj. 波兰的；波兰人的；波兰语的；n. 波兰语	13927858	both	close_common	n. 光泽；上光剂；优雅；精良|v. 擦亮；磨光；推敲；完善|Polish.|adj. 波兰的；波兰人的；波兰语的|n. 波兰语
facing	n. [建]饰面，覆盖面，面层；衬里；(复)facings:衣领；袖口.	13385115	both	close_common	n. [建]饰面，覆盖面，面层；衬里|(复)facings:衣领；袖口.|动词face的现在分词.
kate	凯特（女子名，等于Catherine）	13076275	both	close_common	n. 凯特(女子名；Catherine的昵称)
warner	n. 报警器；警告者；Warner.；n. 华纳；沃纳（姓氏；男子名）	12165874	both	close_common	n. 报警器；警告者|Warner.|n. 华纳；沃纳（姓氏；男子名）
singer	n. 歌手；鸣禽；n. 烧毛工；烧毛机；Singer: 辛格(姓氏).	12021075	both	close_common	n. 歌手；鸣禽|n. 烧毛工；烧毛机|Singer: 辛格(姓氏).
jefferson	杰斐逊(①姓氏 ②Thomas, 1743-1826, 美国政治家, 第三任总统, 独立宣言的起草人),杰斐逊追随者	11851441	both	close_common	杰斐逊(①姓氏 ②Thomas,  1743-1826, 美国政治家, 第三任总统, 独立宣言的起草人),杰斐逊追随者
pointer	n. 指针；教鞭；（能指出猎物位置的）猎犬；暗示；主意；Pointer: 指极星.	11475647	both	close_common	n. 指针；教鞭；（能指出猎物位置的）猎犬；暗示；主意|Pointer: 指极星.
netscape	n. 美国网景公司(以开发Internet浏览器闻名)	11443351	both	close_common	n. 美国网景公司(以开发Internet浏览器闻名)
bookstore	书店（等于bookshop）	11285387	both	close_common	n. 书店|=bookshop.
turner	n. 铁匠；车床工人；锅铲；n. 体育协会会员；体育家；Turner: 特纳(姓氏).	10302792	both	close_common	n. 铁匠；车床工人；锅铲|n. 体育协会会员；体育家|Turner: 特纳(姓氏).
amenities	n. 适意；舒适；便利设施；（复）amenities：礼仪；礼节.	10198635	both	score	令人愉快之事物（amenity的复数）
turbo	n. 涡轮(发动机)；增压涡轮；n. [计] BORLAND公司开发的系列语言软件	10058686	both	close_common	n. 涡轮(发动机)；增压涡轮|n. [计] BORLAND公司开发的系列语言软件
grocery	n. 杂货店；adj. 杂货的；（复）groceries：食品杂货.	9699375	both	close_common	n. 杂货店|adj. 杂货的|（复）groceries：食品杂货.
victor	n. 胜利者；Victor.；n. 维克托(男子名)	9448878	both	close_common	n. 胜利者|Victor.|n. 维克托(男子名)
bobby	n. (英)警察；Bobby.；n. 鲍比(男子名；Robert的昵称)	8964342	both	close_common	n. (英)警察|Bobby.|n. 鲍比(男子名；Robert的昵称)
dramatic	adj. 戏剧性的；引人注目的；给人深刻印象的；激动人心的；dramatics: n.；戏剧作品；戏剧艺术；戏剧性的行为	8612079	both	close_common	adj. 戏剧性的；引人注目的；给人深刻印象的；激动人心的|dramatics: n.；戏剧作品；戏剧艺术；戏剧性的行为
mag	玛格（女子名）（Margaret的昵称）	8461577	both	score	abbr. 杂志（=magazine）
rec	娱乐；休闲（等于recreation，仅用于复合词中，如 room）	8441122	both	score	abbr. 录制（=record)
pb	n. 出版委员会；出版物公报；祈祷书；元素铅 plumbum的缩写.	8424893	both	close_common	n. 出版委员会（＝Publication Board）；出版物公报(=Publication Bulletin)；祈祷书（＝Prayer Book）|元素铅 plumbum的缩写.
irc	国际红十字会；Internet交互式闲聊程序	8332867	both	close_common	abbr. 网络实时聊天（=Internet Relay Chat）|abbr. 国际红十字会(=International Red Cross)
randy	adj. 好色的；adj. (苏格兰)粗野的；n. (苏格兰)放荡的女人；Randy.；n. 兰迪(男子名；Randolph的昵称)	8110369	both	close_common	adj. 好色的|adj. (苏格兰)粗野的|n. (苏格兰)放荡的女人|Randy.|n. 兰迪(男子名；Randolph的昵称)
timothy	n. 梯牧草；猫尾草(牧草之一种)；Timothy.；n. [圣经]提摩太	8103385	both	close_common	n. 梯牧草；猫尾草(牧草之一种)|Timothy.|n. [圣经]提摩太
bridges	n. 桥；Bridges.；n. 布里奇斯(姓氏)	8083681	both	score	[交] 桥梁；纽带（bridge的复数）
scotia	n. 凹形边饰；Scotia.；n. 苏格夏(苏格兰的拉丁名称)	7846014	both	close_common	n. 凹形边饰|Scotia.|n. 苏格夏(苏格兰的拉丁名称)
nicole	尼科尔（女子名，等于Nichole）	7827726	both	close_common	n. 尼科尔，妮可（女子名，=Nichole）
karl	卡尔（男子名，等于Charles）	7553289	both	close_common	n. 卡尔(男子名；Charles的异体)
henderson	亨德森(①姓氏 ②Arthur, 1863-1935, 英国工党领袖及政治家, 曾获1934年诺贝尔和平奖)	7453879	both	close_common	亨德森(①姓氏 ②Arthur,  1863-1935, 英国工党领袖及政治家, 曾获1934年诺贝尔和平奖)
beverly	Beverly.；n. 贝弗利（美国马萨诸塞州东北部城市）	7429063	both	close_common	Beverly.|n. 贝弗利（美国马萨诸塞州东北部城市）
poly	polytechnic的缩写）工艺专科学校；科技学校；工业学校(或大学)	7326088	both	close_common	abbr. 聚乙烯(=polyethylene)|pref. 多的；聚合的
dod	人名；(英)多德(男子教名George的昵称)；(南非)多德	7322498	both	close_common	abbr. 美国国防部(=department of defense)
providence	n. 天意；天命；n. 远见；卓识；先见之明；Providence: 上帝.	7284693	both	close_common	n. 天意；天命|n. 远见；卓识；先见之明|Providence: 上帝.
zen	禅；禅宗；禅宗信徒（等于 Buddhism）	7146814	both	hal_rejected	n. 禅
andale	[美国] 安代尔； [地名] [厄立特里亚] 安达莱	7136201	both	close_common	n. 安代尔(在美国；西经 97º38' 北纬 37º48')
bennett	班尼特（男子名, 等于Benedict）	7021418	both	close_common	n. 班尼特（姓氏；男子名；Benedict 的异体)
surrey	n. (四轮双座通常有篷的)萨里式游览马车；Surrey: n.萨里（英国南部郡名）	6743263	both	close_common	n. <美>(四轮双座通常有篷的)萨里式游览马车|Surrey: n.萨里（英国南部郡名）
hopkins	霍普金斯(①姓氏 ② Gowland, 1861-1947, 英国生物化学家, 曾获1929年诺贝尔生理学-医学奖)	6674368	both	close_common	霍普金斯(①姓氏 ②Sir Frederick Gowland,  1861-1947, 英国生物化学家, 曾获1929年诺贝尔生理学-医学奖)
gothic	adj. 哥特式小说风格的；n. 哥特式小说、电影或戏剧；Gothic: 哥特式的；哥特人的；哥特语的；中世纪的；野蛮的；粗鄙的.；Gothic：哥特式	6673024	both	close_common	adj. 哥特式小说风格的|n. 哥特式小说、电影或戏剧|Gothic: 哥特式的； 哥特人的； 哥特语的； 中世纪的； 野蛮的； 粗鄙的.|Gothic：哥特式； 哥特语； 黑体字.
kathy	凯西（女子名，等于Katherine）	6661457	both	close_common	n. 凯西(女子名；Katherine的昵称)
savannah	n. (特指非洲)大草原；Savannah.；n. 萨凡纳（美国乔治亚州东南部一城市）	6569355	both	close_common	n. (特指非洲)大草原|=savanna.|Savannah.|n. 萨凡纳（美国乔治亚州东南部一城市）
nerve	n. 神经；勇气；敏感处；叶脉；厚脸皮；v. 鼓起勇气；（复）nerves: 神经紧张.	6567418	both	close_common	n. 神经；勇气；敏感处；叶脉；厚脸皮|v. 鼓起勇气|（复）nerves: 神经紧张.
dans	(=1- acid) 1-二甲基氨基萘-5-磺酸,(=1-dimethylaminonaphthalene-5-sulfonyl) 1-二甲基氨基萘-5-磺酰	6566589	both	close_common	(=1-dimethylaminonaphthalene-5-sulfonic acid) 1-二甲基氨基萘-5-磺酸,(=1-dimethylaminonaphthalene-5-sulfonyl) 1-二甲基氨基萘-5-磺酰,(=1-dimethylaminonaphthalene-5-sulphonyl chloride) 1-二甲基氨基萘-5-磺酰(一种荧光色素),(=5-dimethylamino-1-naphthalenesulfonic acid) 5-二甲氨基-1-萘磺酸
richardson	理查森(①姓氏② Willians, 1879-1959, 英国物理学家, 曾获1928年诺贝尔物理学奖)	6506250	both	close_common	理查森(①姓氏②Sir Owen Willians,  1879-1959, 英国物理学家, 曾获1928年诺贝尔物理学奖)
condo	分户出售公寓大厦（等于condominium）	6444848	both	close_common	n. [口]分户出售公寓大厦|=condominium.
adaptor	[通信] 适配器；（美）改编者；转接器（等于adapter）	6027066	both	close_common	n. 改编者；适配器；转换器|=adapter.
sperm	n. 精液；精子；与抹香鲸有关的物质(如鲸脑油)；pref. 表示“精液；精子；种子”（ -；sperma-；spermi-）	5944531	both	close_common	n. 精液；精子；与抹香鲸有关的物质(如鲸脑油)|pref. 表示“精液；精子；种子”（=spermo-；sperma-；spermi-）
incl	包括（including，included）；包括的；包围	5842780	both	close_common	abbr. 包含；包括(=include；included；including；inclusive)
cindy	辛迪（女子名，Cynthia的昵称）	5809307	both	close_common	n. 辛迪(女子名；Cynthia的昵称)
pix	n. 照片（pictures的简写）；圣餐盒（pyx的变体）	5645638	both	close_common	n. <俚>照片（pictures的简写）；圣餐盒（pyx的变体）|名词pic的复数形式
functioning	运行，运作；[计] 功能；机能；起酌（function的动名词）	5619525	both	close_common	n. 机能|动词function的现在分词形式.
prayers	n. 祈祷；祝福；名词prayer复数形式.	5587372	both	score	祈祷；祝福；祷告者；恳求者（prayer的复数）
lou	卢（女子名，等于Louise或Lu）	5451701	both	close_common	n. 卢(人名；Louise；Louisa的昵称)
kw	千瓦特（kilowatt、kilowatts）	5302888	both	close_common	abbr. 千瓦(=kilowatt)
coordinated	adj. 协调性好的；协调的，配合的；v. coordinate的动词过去式、过去分词	5174649	both	close_common	adj. 协调性好的；协调的，配合的|v. coordinate的动词过去式、过去分词
cologne	n. 科隆香水；古龙水；Cologne:科隆(德国城市名）.	5078538	both	close_common	n. 科隆香水；古龙水|Cologne:科隆(德国城市名）.
ricky	里基（男子名，等于Rick，Rickie）	5071881	both	close_common	n. 瑞奇（男子名）|=Rick；Rickie.
adviser	顾问；劝告者；指导教师（等于advisor）	4911485	both	close_common	n. 顾问；指导教授；劝告者|=adviser(美).
chromosome	[遗][细胞][染料] 染色体（形容词chromosomal，副词chromosomally）	4898576	both	domain_medical	n. 染色体
matthews	马修斯(①姓氏 ② Brander, 1852-1929, 美国戏剧评论家, 散文家及教育家)	4890853	both	close_common	马修斯(①姓氏 ②James Brander,  1852-1929, 美国戏剧评论家, 散文家及教育家)
che	胆碱酯酶（等于cholinesterase）；化学（等于Chemical）；充电指示灯	4863235	both	close_common	abbr. 化学工程师（=chemical engineer）
chapman	n. 叫卖小贩；商人；Chapman；n. 查普曼(男子名)	4787251	both	close_common	n. <英>叫卖小贩；<古>商人|Chapman|n. 查普曼(男子名)
dropping	n. 点滴；滴下；落下物；(复)droppings: 动物的粪.	4761980	both	close_common	n. 点滴；滴下；落下物|(复)droppings: 动物的粪.|动词drop的现在分词形式.
counselor	顾问；法律顾问；参事（等于counsellor）	4699959	both	close_common	n. 顾问；参事；法律顾问|=counsellor.
anchorage	n. 下锚；停泊所；停泊税；寄托；Anchorage.；n. 安克雷奇(美国港口城市)	4651277	both	close_common	n. 下锚；停泊所；停泊税；寄托|Anchorage.|n. 安克雷奇(美国港口城市)
alzheimer	n. 老年痴呆症（亦称: disease，阿兹海默症）	4606962	both	close_common	n. 老年痴呆症（亦称:Alzheimer's disease，阿兹海默症）
chandler	n. 杂货零售商人；蜡烛商；Chandler.；n. 钱德勒（男子名；美国亚利桑那州中南部一城市）	4594301	both	close_common	n. 杂货零售商人；蜡烛商|Chandler.|n. 钱德勒（男子名；美国亚利桑那州中南部一城市）
methodist	n. 照章办事者；Methodist：卫理公会派教徒.；adj. 卫理公会教派的	4565081	both	close_common	n. 照章办事者|Methodist：卫理公会派教徒.|adj. 卫理公会教派的
novell	美国Novell公司，以开发网络产品著称	4539111	both	close_common	n. 美国Novell公司；以开发网络产品著称
pentagon	n. 五边形；Pentagon:五角大楼（美国国防部）.	4424810	both	close_common	n. 五边形|Pentagon:五角大楼（美国国防部）.
fried	adj. 炸过的；弗里德( Hermann,1864-1921，奥地利著述家、记者，曾获1911年诺贝尔和平奖）	4364192	both	close_common	adj. 炸过的|弗里德(Alfred Hermann,1864-1921，奥地利著述家、记者，曾获1911年诺贝尔和平奖）
domination	n. 支配；控制；管辖；dominations:[宗]主天使.	4362286	both	close_common	n. 支配；控制；管辖|（复数）dominations:[宗]主天使.
mcgraw	[苏格兰人、爱尔兰人姓氏] 麦格劳 McCrae的变体； [地名] [美国] 麦格劳	4354997	both	close_common	n. 麦格劳(在美国；西经 76º04' 北纬 42º36')
franz	Ferdinand弗朗茨·斐迪南( Ferdinand的德文名)	4321556	both	close_common	n. 弗朗茨·斐迪南(Francis Ferdinand的德文名)
willie	威利（男子名， William的昵称）	4301619	both	close_common	n. 威利(男子名；William 的昵称)
prof	教授（等于professor）	4282231	both	score	abbr. 教授(=professor)
carrie	卡丽（女名，Caroline的昵称）	4245824	both	close_common	n. 卡丽，嘉莉(女子名，Caroline的昵称)
lipitor	[医]立普妥( calcium包衣片)	4243818	both	domain_medical	立普妥(atorvastatin calcium包衣片)<降血脂药>
remodeling	重塑；重构（remodel进行式）；改建	4243031	both	close_common	n. 重新塑造；改型；重作|动词remodel的现在分词形式.
jerseys	n. 毛线衫；毛织运动衫；Jersey: 泽西岛； 泽西乳牛.	4222586	both	score	运动衫( jersey的名词复数 )
hoover	v. 用真空吸尘器把...清除掉；获得大量的(某物)；Hoover；n. 胡佛吸尘器(商标名)	4189070	both	close_common	v. 用真空吸尘器把...清除掉；获得大量的(某物)|Hoover|n. 胡佛吸尘器(商标名)
smartphone	n. Microsoft开发的新一代手机操作系统平台；智能手机	4175885	both	close_common	n. Microsoft开发的新一代手机操作系统平台；智能手机
canton	n. 一些国家的行政区；(瑞士的）州；（法国的）县；（徽章或旗子）右上角的小方块部分；Canton.；n. 广州（英语中的旧称）	4164322	both	close_common	n. 一些国家的行政区；(瑞士的）州；（法国的）县；（徽章或旗子）右上角的小方块部分|Canton.|n. 广州（英语中的旧称）
pol	油料（Petroleum， Lubricants）；北极星导弹	4104771	both	close_common	abbr. 石油；燃料与润滑剂（=petroleum；oil and lubricant）|abbr. 北极星导弹（=Polaris）
schneider	n. (德语)西装店；裁缝店；Schneider.；n. 施奈特（姓氏）	4018252	both	close_common	n. (德语)西装店；裁缝店|Schneider.|n. 施奈特（姓氏）
arsenal	n. 兵工厂；军械库；储藏；Arsenal.；n. 阿森纳(英格兰一足球队名)	4017059	both	close_common	n. 兵工厂；军械库；储藏|Arsenal.|n. 阿森纳(英格兰一足球队名)
paramount	adj. 极为重要的；至高无上的；n. 最高统治者；Paramount.；n. 派拉蒙(美电影公司)	3954831	both	close_common	adj. 极为重要的；至高无上的|n. 最高统治者|Paramount.|n. 派拉蒙(美电影公司)
walton	沃尔顿(①姓氏, 男子名 ② Sinton, 1903-, 英国物理学家, 曾获1951年诺贝尔物理学奖)	3910292	both	close_common	沃尔顿(①姓氏, 男子名 ②Ernest Thomas Sinton,  1903-, 英国物理学家, 曾获1951年诺贝尔物理学奖)
coloured	adj. 彩色的；有色的；动词词colour的过去式和过去分词.	3867584	both	close_common	adj. 彩色的；有色的|动词词colour的过去式和过去分词.|=color（美）.
respects	vt. 尊敬；尊重；遵守；关于；涉及；n. 尊敬；敬重；关系；方面；n. （复）respects: 敬意；问候	3850738	both	close_common	vt. 尊敬；尊重；遵守；关于；涉及|n. 尊敬；敬重；关系；方面|n. （复）respects: 敬意；问候
randall	兰德尔（亦作Randal）	3802515	both	close_common	n. 兰德尔(男子名；亦作Randal)
bella	贝拉（女子名，等于Arabella，Isabella）	3753635	both	close_common	n. 贝拉（女子名，Isabella的昵称）
laurent	劳伦，洛朗(Hermann,1841-1908，法国数学家)	3680554	both	close_common	n. 劳伦；洛朗(Hermann；1841-1908；法国数学家)
xenical	[医]赛尼可（含orlistat）	3677341	both	domain_medical	赛尼可(含orlistat)
deli	熟食店；[食品] 熟食品（等于delicatessen）	3655555	both	close_common	n. (=delicatessen) 熟食店
xxxx	[医] syndrome,四X综合征	3652233	both	domain_medical	n. 一种澳大利亚产的贮陈啤酒; 某一四字词的幽默讳饰用法
everett	n. 埃弗雷特(Everard的异体)(	3648760	both	close_common	n. 埃弗雷特(Everard的异体)(m
vince	文斯（男子名，Vincent的昵称）	3616647	both	close_common	n. 文斯(人名；Vincent的昵称)
gwen	n. 格温(女子名；Gwendolyn的昵称)	3599486	both	score	ground wave emergency network 地波应急（通信）网，地下波应急工程
boxer	n. 拳击手；拳师狗；boxers: 拳击短裤.	3592432	both	close_common	n. 拳击手；拳师狗|(复数）boxers: 拳击短裤.
oakley	[俚]赠券（等于 Oakley）；奥克利眼镜	3561959	both	close_common	n. <俚>=Annie Oakley，赠券，免费入场券；奥克利眼镜
reversed	adj. 颠倒的；相反的；撤销的；动词reverse过去式和过去分词.	3556556	both	score	颠倒（reverse的过去式和过去分词）；翻转
graves	n. 坟墓；Graves.；n. 格拉夫区（法国西南部一个地区）；n. （法国）格拉夫葡萄酒；格雷夫斯病	3552013	both	close_common	n. 坟墓|名词grave的复数形式.|Graves.|n. 格拉夫区（法国西南部一个地区）|n. （法国）格拉夫葡萄酒|格雷夫斯病
panty	女裤；童裤（等于panties）	3546636	both	close_common	n. (=panties)童裤；女裤
councillor	议员；顾问；参赞（等于councilor）	3537961	both	close_common	n. 政务会委员；议员|=councilor（美）.
conrad	康拉德（男子名，等于Konrad）	3512615	both	close_common	n. 康拉德(男子名；亦作Konrad)
weaver	n. 织布工；编织者；Weaver.；n. 韦弗(男子名或姓氏)	3464764	both	close_common	n. 织布工；编织者|Weaver.|n. 韦弗(男子名或姓氏)
eureka	int. 找到了! 有了！；Eureka.；n. 尤里卡（加利福尼亚西北部一城市）	3445857	both	close_common	int. 找到了! 有了！|Eureka.|n. 尤里卡（加利福尼亚西北部一城市）
evergreen	adj. 常绿的；n. 常绿树；常绿植物；(复)evergreens: 常绿树枝条.	3333511	both	close_common	adj. 常绿的|n. 常绿树；常绿植物|(复)evergreens: 常绿树枝条.
resurrection	n. 复活；复兴；恢复；Resurrection：耶稣复活； （最后审判日前）全部死者的复活.	3299623	both	close_common	n. 复活；复兴；恢复|Resurrection：耶稣复活； （最后审判日前）全部死者的复活.
gina	n. 吉娜(Regina；Angelina等的昵称)；abbr. 全球哮喘防治创议	3284599	both	close_common	n. 吉娜(Regina；Angelina等的昵称)|abbr. 全球哮喘防治创议（Global Initiative for Asthma）
whistler	n. 吹口哨的人；花白旱獭；啸&%2340543；啸声干扰；Whistler.；n. 惠斯勒(姓氏)	3281414	both	close_common	n. 吹口哨的人；花白旱獭；啸&%2340543;；啸声干扰|Whistler.|n. 惠斯勒(姓氏)
unesco	联合国教科文组织（ Educational，Scientific， Organization）	3259063	both	close_common	abbr. 联合国教育科学文化组织|(=United Nations Educational Scientific and Cultural Organization).
lowell	洛厄尔（男子名，等于Lovell）	3240910	both	close_common	n. 洛厄尔(Lovell的异体)(m
maths	数学（等于mathematics）	3231878	both	close_common	n. 数学|=mathematics（英）.
robbins	罗宾斯(①姓氏 ② Chapman, 1916-, 美国医学家, 曾获1954年诺贝尔生理学-医学奖)	3193148	both	close_common	罗宾斯(①姓氏 ②Frederick Chapman,  1916-, 美国医学家, 曾获1954年诺贝尔生理学-医学奖)
celebrex	[医]西乐葆(celecoxib制剂)	3178829	both	domain_medical	西乐葆(celecoxib制剂)<抗关节炎药>
ned	内德（男子名，等于Edward）	3152758	both	hal_rejected	n. 内德(男子名；Edmund；Edward的昵称）|abbr. 《新英语词典》(=New English Dictionary)
utf	Unicode转换格式	3151108	both	hal_rejected	Ultrasonic Transit Flowmeter
attainment	n. 达到；获得；attainments:成就； 才能； 学识.	3138108	both	close_common	n. 达到；获得|（常复数）attainments:成就； 才能； 学识.
rosemary	n. 迷迭香；Rosemary.；n. 罗斯玛丽(女子名)	3030760	both	close_common	n. 迷迭香|Rosemary.|n. 罗斯玛丽(女子名)
soho	abbr. 在家上班族（ ； office）	3012062	both	score	在家上班族（Small Office/Home Office）；索和区（South of Houston Street）；太阳及日光层观测卫星（Solar and Heliospheric Observatory）；安全及职业保健署（Safety and Occupational Health Office）
swords	n. 剑；刀；Swords.；n. 索兹(姓氏)	2979433	both	close_common	n. 剑；刀|名词sword的复数形式.|Swords.|n. 索兹(姓氏)
kris	波壮刃短剑（等于creese，马来西亚和印尼的）	2970945	both	close_common	n. (马来西亚和印尼的)波壮刃短剑|=creese.
mikes	n. 扩音器；麦克风；v. 用扩音器传送；n. [大写]迈克（男子名,Michael的昵称）	2933878	both	score	(=microphone)<口>话筒，送话器，微音器( mike的名词复数 )
overland	adj. 陆路的；adv. 经由陆路地；Overland.；n. 欧弗兰（美国密苏里州东部一城市）	2913342	both	close_common	adj. 陆路的|adv. 经由陆路地|Overland.|n. 欧弗兰（美国密苏里州东部一城市）
neighboring	邻近的；附近的（等于neighbouring）	2909095	both	close_common	adj. 附近的；邻近的；邻接的|动词neighbor的现在分词形式.
vu	[缩]Vanuatu瓦努阿图	2872180	both	close_common	[域] Vanuatu, 瓦努阿图
connie	n. 康妮(女子名；Constance的昵称)；n. 康尼(男子名； 和 Cornelius的昵称)	2838668	both	close_common	n. 康妮(女子名；Constance的昵称)|n. 康尼(男子名；Conrad 和 Cornelius的昵称)
demolition	拆除（等于demolishment）；破坏；毁坏	2830701	both	score	n. 破坏；毁坏|(复数)demolitions：炸药.
griffith	格里菲思（女子名, Griffin的异体）	2805409	both	close_common	n. 格里菲思(男子名；Griffin的异体)
urbana	[委内瑞拉] 乌尔瓦纳； [地名] [美国] 厄巴纳	2772517	both	close_common	n. 厄巴纳(在美国；西经 93º10' 北纬 37º52')
archer	n. 射箭运动员；弓箭手；Archer.；n. 射手座；阿切尔(姓氏)	2762538	both	close_common	n. 射箭运动员；弓箭手|Archer.|n. 射手座；阿切尔(姓氏)
lambert	n. 朗伯(一种亮度单位)；Lambert.；n. 兰伯特(姓氏或男子名)	2738171	both	close_common	n. 朗伯(一种亮度单位)|Lambert.|n. 兰伯特(姓氏或男子名)
gerard	杰勒德（男子名，Gerald的异体）	2734359	both	close_common	n. 杰勒德(男子名；Gerald的异体)
garner	v. 贮藏；收集；得到；n. 谷仓；Garner.；n. 加纳(姓氏)	2725663	both	close_common	v. 贮藏；收集；得到|n. 谷仓|Garner.|n. 加纳(姓氏)
vioxx	[医]万络（含rofecoxib）	2717063	both	domain_medical	万络(含rofecoxib)<抗关节炎药>
hubbard	[医]Hubbard槽； [人名] 哈伯德； [地名] [加拿大、美国] 哈伯德	2649059	both	domain_medical	squash  <美>[植]笋瓜
becky	n. 贝基（女子名；Rebecca的昵称）	2606971	both	close_common	n. 贝基（女子名；Rebecca的昵称）
kendall	肯德尔(①姓氏, 男子名 ② Calvin, 1886-1972, 美国生物化学家, 曾获1950年诺贝尔生理学-医学奖)	2588076	both	close_common	肯德尔(①姓氏, 男子名 ②Edward Calvin,  1886-1972, 美国生物化学家, 曾获1950年诺贝尔生理学-医学奖)
listserv	BITnet上用来管理讨论邮件清单的程序	2572223	both	close_common	BITnet上用来管理讨论邮件清单的程序
winamp	Windows上最流行的mp3播放软件	2553604	both	close_common	Windows上的mp3播放软件
zz	Z字形, 锯齿形（等于zigzag）	2548654	both	close_common	n. (=zigzag)Z字形；锯齿形
wes	n. 韦斯(男子名；Wesley的昵称)	2548030	both	score	water electrolysis system 水电解系统; Weasua, Liberia 利比亚; Welding Engineering Standard <日本>焊接工程标准; wavelength demodulation system 波长解调系统
woodstock	伍德斯托克音乐节（每年8月在纽约州东南部Woodstock举行的摇滚音乐节）	2547116	both	close_common	n. 伍德斯托克音乐节(每年8月在纽约州东南部Woodstock举行的摇滚音乐节)|n. 伍德斯托克(城市名)
sweeping	n. 扫除；sweepings: 垃圾.；adj. 一扫而去的；凶猛的；广泛的	2463965	both	close_common	n. 扫除|（复数）sweepings: 垃圾.|adj. 一扫而去的；凶猛的；广泛的|动词sweep的现在分词.
abe	亚伯（男子名，等于Abraham）	2420884	both	close_common	n. 亚伯(男子名；Abraham 的昵称)
receivable	adj. 可收到的；应收的；n. (复)receivables: 应收帐款	2400318	both	close_common	adj. 可收到的；应收的|n. (复)receivables: 应收帐款
draper	n. 布商；带式输送器；布面清选机；Draper.；n. 德雷珀(姓氏、男子名或地名)	2394747	both	close_common	n. 布商；带式输送器；布面清选机|Draper.|n. 德雷珀(姓氏、男子名或地名)
manpower	n. 人力；Manpower.；n. 公司(财富500强公司之一；总部所在地美国；主要经营临时帮助)	2371829	both	close_common	n. 人力|Manpower.|n. 公司(财富500强公司之一；总部所在地美国；主要经营临时帮助)
kh	( , inlet, ravine, water-course) （阿拉伯语）小溪； 海湾； 高棉人； 高棉语	2364036	both	close_common	[域] Cambodia, 柬埔塞
celestial	adj. 天上的；非凡的；n. 天神；Celestial.；adj. 中国的；中国人的；n. 中国人	2355105	both	close_common	adj. 天上的；非凡的|n. 天神|Celestial.|adj. 中国的；中国人的|n. 中国人
merlin	n. 灰背隼；Merlin.；n. 梅林(男子名)	2354378	both	close_common	n. 灰背隼|Merlin.|n. 梅林(男子名)
cocos	[医]椰子； [地名] [巴西] 科库斯	2354000	both	domain_medical	椰子
protestant	n. 抗议者；adj. 抗议的；Protestant.；n. 新教徒；adj. 新教徒的	2350938	both	close_common	n. 抗议者|adj. 抗议的|Protestant.|n. 新教徒|adj. 新教徒的
koch	科赫(Robert, 1843-1910, 德国细菌学家, 医学家, 结核菌、霍乱菌发现者, 曾获1905年诺贝尔生理学-医学奖)	2349132	both	close_common	科赫(Robert,  1843-1910, 德国细菌学家, 医学家, 结核菌、霍乱菌发现者, 曾获1905年诺贝尔生理学-医学奖)
patty	n. 肉饼；Patty；n. 帕蒂(女子名；Mathilda；Matilda； 的昵称)	2339693	both	close_common	n. <美>肉饼|Patty|n. 帕蒂(女子名；Mathilda；Matilda；Martha 的昵称)
episcopal	主教的（副词episcopally）；主教管辖的；主教制度的；英国国教的	2336299	both	close_common	adj. 主教的；主教管辖的|Episcopal.|adj. 新教圣公会的
prudential	adj. 谨慎的；细心的；深谋远虑的；明辨的；咨询的；Prudential.；n. 保诚保险(总部所在地英国)	2319748	both	close_common	adj. 谨慎的；细心的；深谋远虑的；明辨的；咨询的|Prudential.|n. 保诚保险(总部所在地英国)
endeavor	努力；尽力（等于endeavour）	2277610	both	close_common	n. 尽力；努力|v. 尽力；努力；力图
jules	朱尔斯(Julius的异体)	2268604	both	close_common	n. 朱尔斯(Julius的异体)(m
cecil	n. 塞西尔(①姓氏；男子名② Robert；1864-1958；英国政治家；曾获1937年诺贝尔和平奖)	2262884	both	close_common	n. 塞西尔(①姓氏；男子名②Edgar Algernon Robert；1864-1958；英国政治家；曾获1937年诺贝尔和平奖)
grange	n. 农场；庄园；Grange.；n. 格兰其（美国农业保护者协会）	2247323	both	close_common	n. 农场；庄园|Grange.|n. 格兰其（美国农业保护者协会）
bros	(brothers之略)兄弟	2240209	both	close_common	abbr. 兄弟（=Brothers）
admins	[计]一种数据库管理系统(Admins公司)	2233477	both	close_common	abbr. 管理员（administrators）
greenfield	n. 市郊绿区；Greenfield.；n. 格林菲尔德（美国马萨诸塞州西北部城镇；威斯康辛州东南部城市）	2209164	both	close_common	n. 市郊绿区|Greenfield.|n. 格林菲尔德（美国马萨诸塞州西北部城镇；威斯康辛州东南部城市）
santos	n. 圣者像；Santos.；n. 桑托斯(巴西港口)	2209111	both	close_common	n. 圣者像|名词santo的复数形式.|Santos.|n. 桑托斯(巴西港口)
cousins	n. 卡曾斯(姓)；cousins.；n. 堂兄弟；堂姐妹；表兄弟；表姐妹	2197809	both	close_common	n. 卡曾斯(姓)|cousins.|n. 堂兄弟；堂姐妹；表兄弟；表姐妹|名词cousin的复数形式.
scholastic	学校的；学者的；学术的（等于scholastical）	2190315	both	close_common	adj. 学术的；学习的；学院的；教育的；拘泥于形式的，教条的|n. 经院哲学家；墨守成规者；学究
fishes	n. 鱼；Fishes.；n. 双鱼宫	2151535	both	close_common	n. 鱼|名词fish的复数形式.|Fishes.|n. 双鱼宫
nora	n. 诺拉（女子名；Eleanor；Honora；Leonora的昵称）	2144854	both	score	National Osteoporosis Risk Assessment 全国骨质疏松风险评估; nonoverlapping redundant array 无交叠冗余阵列
mca	[计] Architecture微通道结构	2134338	both	score	monetary compensatory account(ing) 货币补偿账目; monetary compensation amounts 货币补偿数量; money compensatory account(ing) 货币补偿账目; minimum control airspeed 最小空速控制
burgess	n. (英)市民；镇民；（代表市镇或大学的）国会议员；（殖民地弗吉尼亚州或马里兰州的立法机关）下议院议员；Burgess：.；n. 伯吉斯	2120777	both	close_common	n. (英)市民；镇民；（代表市镇或大学的）国会议员；（殖民地弗吉尼亚州或马里兰州的立法机关）下议院议员|Burgess：.|n. 伯吉斯（人名）
cracker	n. 薄脆饼干；发出爆裂声的东西；爆竹；裂化设备；黑客；迷人的女子；自夸的人；穷苦白人；(复)crackers：n. 胡桃钳；Cracker	2103875	both	close_common	n. 薄脆饼干；发出爆裂声的东西；爆竹；裂化设备；黑客；迷人的女子；<方>自夸的人；<贬>穷苦白人|(复)crackers：n. 胡桃钳|Cracker|n. 佛罗里达州和乔治亚州当地居民的别名
philly	费城（Philadelphia的俗称，美国一座城市）	2102437	both	close_common	n. 费城(美国城市；Philadelphia的俗称)
influencing	adj. 影响的；influence的现在进行分词形式.	2094933	both	score	影响（influence的ing形式）
christy	人名；(英)克里斯蒂，克丽丝蒂(女名) (教名Christian、Christabel的昵称)	2094560	both	close_common	n. 作制动转弯|Christie.|n. 克里斯蒂（姓氏）
medina	n. 麦地那（位于北非的一阿拉伯城市的旧城部分）；Medina.；n. 麦地那（沙特阿拉伯西部一城）；n. 麦地那 (美国俄亥俄东北部一城市)	2085061	both	close_common	n. 麦地那（位于北非的一阿拉伯城市的旧城部分）|Medina.|n. 麦地那（沙特阿拉伯西部一城）|n. 麦地那 (美国俄亥俄东北部一城市)
tbd	旅游商务区 District；待定	2074334	both	close_common	abbr. 待完成；待做(=to be determined)
eliot	n. 埃利奥特；艾略特(姓氏；Elias的异体；亦作Elliott	2049290	both	close_common	n. 埃利奥特；艾略特(姓氏；Elias的异体；亦作Elliott；Elliot)
arranging	n. 安排；动词arrange现在分词形式.	2043604	both	score	安排（arrange的ing形式）
lakeside	n. 湖边；Lakeside.；n. 莱克赛德(美国地名)	2036381	both	close_common	n. 湖边|Lakeside.|n. 莱克赛德(美国地名)
libby	莉比（等于Elizabeth，女子名）	2019919	both	close_common	n. 利比(Elizabeth的昵称)
rudy	鲁迪（男子名，Rudolf的昵称）	2014882	both	close_common	n. 鲁迪(男子名；Rudolf的昵称)
thx	汤·霍尔曼实验（ expriment的缩写）；谢谢（thanks的缩写）	2008850	both	close_common	abbr. 钍X(镭的同位素)(=thorium X)|THX.|abbr. 谢谢(=thanks)
tamiflu	[医]是一种抗病毒药（含 phosphate）	1976189	both	domain_medical	是一种抗病毒药(含oseltamivir phosphate)
eastman	伊斯门(①姓氏 ②George, 1854-1932, 美国摄影技术领域的发明家)	1974520	both	close_common	伊斯门(①姓氏 ②George,  1854-1932, 美国摄影技术领域的发明家)
confederate	n. 同盟者；同盟国；同伙；Confederate：美国南部联盟.；adj. 同盟的；联合的；v. （使)结盟；（使)联合	1966184	both	close_common	n. 同盟者；同盟国；同伙|Confederate：美国南部联盟.|adj. 同盟的；联合的|v. （使)结盟；（使)联合
sedona	塞多那市，亚利桑那州。位于凤凰城以北145千米处。； [地名] [美国] 塞多纳	1963002	both	close_common	n. 塞多纳(在美国；西经 111º45' 北纬 34º53')
caterpillar	n. 毛虫；Caterpillar.；n. 卡特彼勒(财富500强公司之一；总部所在地美国；主要经营工业农业设备)	1947305	both	close_common	n. 毛虫|Caterpillar.|n. 卡特彼勒(财富500强公司之一；总部所在地美国；主要经营工业农业设备)
remington	雷明顿（姓氏； Frederic, 1861-1909，美国艺术家）	1946473	both	close_common	雷明顿( ①姓氏 ②Frederic,  1861-1909, 美国艺术家)
saskatoon	n. 唐棣属植物；Saskatoon.；n. 萨斯卡通(加拿大中南部一城市)	1937497	both	close_common	n. 唐棣属植物|Saskatoon.|n. 萨斯卡通(加拿大中南部一城市)
nom	名义上的（等于nominal）	1931008	both	score	abbr. 主格（=Nominative）
dickens	n. 魔鬼；究竟；Dickens；n. 狄更斯（英国作家）	1930015	both	close_common	n. <口> 魔鬼；究竟|Dickens|n. 狄更斯（英国作家）
adler	阿德勒(①姓氏 ②Alfred, 1870-1937, 奥地利精神病学家、心理学家)	1926676	both	close_common	阿德勒(①姓氏 ②Alfred,  1870-1937, 奥地利精神病学家、心理学家)
zach	扎克(Zachary,Zachariah的昵称亦作	1914201	both	close_common	n. 扎克(男子名；Zachary；Zachariah的昵称；亦作Zack；Zak)|abbr. 新约中施洗约翰的父亲撒迦利亚(=Zacharias)
elisabeth	伊丽莎白（女子名，等于Elizabeth）	1888877	both	close_common	n. 伊丽莎白(女子名)|=Elezabeth.
wand	魔杖；棒；权杖；嫩枝；识别笔（等于 reader）	1887049	both	close_common	n. 棒；棍；杖；魔杖；嫩枝；<美>箭靶
ulster	n. 乌尔斯特大衣；Ulster.；n. 乌尔斯特(原为爱尔兰一地区；今为北爱尔兰及爱尔兰共和国所分割)	1885001	both	close_common	n. 乌尔斯特大衣|Ulster.|n. 乌尔斯特(原为爱尔兰一地区；今为北爱尔兰及爱尔兰共和国所分割)
excl	除外的（等于exclusive）；除外（等于excluded）；不包括（等于excluding）	1881600	both	close_common	Exclusive 除外的
croix	克鲁瓦； [地名] [法国] 克鲁瓦	1871912	both	domain_legal	n. 克鲁瓦
neville	内维尔；[男子名] [英格兰人、爱尔兰人姓氏] 内维尔住所名称，来源于古法语，含义是“新+居留地”(new+settlement)	1864220	both	domain_legal	内维尔
natasha	娜塔莎（亦作Natascha）	1863553	both	close_common	n. 娜塔莎(女子名；亦作Natascha）
mona	n. 莫娜(女子名)；n. [动]白腹长尾猴(西非常见的一种长尾猴)； Passage.；n. 莫纳海峡(在拉丁美洲的海地岛和波多黎各岛之间)	1860383	both	close_common	n. 莫娜(女子名)|n. [动]白腹长尾猴(西非常见的一种长尾猴)|Mona Passage.|n. 莫纳海峡(在拉丁美洲的海地岛和波多黎各岛之间)
linden	n. [植]椴属；菩提树；Linden.；n. 林登（美国新泽西州东北部城市）	1843791	both	close_common	n. [植]椴属；菩提树|Linden.|n. 林登（美国新泽西州东北部城市）
yogurt	酸奶酪，[食品] 酸乳（等于yoghurt）	1832002	both	close_common	n. 酸奶；酵母乳|=yoghurt.
polaroid	n. 人造偏光板；Polaroid.；n. 偏光薄膜；有偏光薄膜的太阳眼镜；宝丽来(一种快速成像照相机)；用宝丽来拍出来的照片	1788581	both	close_common	n. 人造偏光板|Polaroid.|n. 偏光薄膜；有偏光薄膜的太阳眼镜；宝丽来(一种快速成像照相机)；用宝丽来拍出来的照片
marquis	（法）侯爵；世袭贵族（等于marquess）	1788011	both	close_common	n. 侯爵|=marquess.
almighty	adj. 万能的；极大的；adv. 极度地；Almighty:上帝.	1780004	both	close_common	adj. 万能的；极大的|adv. 极度地|Almighty:上帝.
hess	赫斯(①姓氏 ② Franz；1883-1964；生于奥地利的美国物理学家；曾获1936年诺贝尔物理学奖 ③ Rudolf；1881-1973；瑞士生理学家	1773182	both	close_common	赫斯(①姓氏 ②Victor Franz；  1883-1964； 生于奥地利的美国物理学家； 曾获1936年诺贝尔物理学奖 ③Walter Rudolf；  1881-1973； 瑞士生理学家； 曾获 1949年诺贝尔生理学-医学奖)
hooker	n. (橄榄球)扭夺时的中心选手；妓女；小渔船；Hooker.；n. 胡克（姓氏）	1768891	both	close_common	n. (橄榄球)扭夺时的中心选手；妓女；小渔船|Hooker.|n. 胡克（姓氏）
orthopedic	整形外科的（等于orthopaedic）	1764724	both	close_common	adj. 整形外科的|=orthopaedic.
larsen	[医]综合征：本征特点为腭裂，面部扁平，多处关节先天性脱位，及足畸形； [人名] 拉森； [地名] [荷兰、美国] 拉森	1733946	both	domain_medical	n. 拉森
flushing	n. 冲洗；脸红；Flushing: 弗拉兴(纽约城的一个区).	1731756	both	close_common	n. 冲洗；脸红|动词flush的现在分词形式.|Flushing: 弗拉兴(纽约城的一个区).
lena	莉娜（女子名，等于Helena）；勒拿河（西伯利亚中部河流）	1727154	both	close_common	n. 莉娜(女子名；Helena 的昵称)
cpm	n. 每分钟卡片张数(临界途径法)；abbr. 腐蚀防护手册（ Manual，CPM）	1725820	both	close_common	n. 每分钟卡片张数(临界途径法)|abbr. 腐蚀防护手册（Corrosion Prevention Manual，CPM）
emoticons	情感符（等于Smiley）	1711990	both	close_common	n. 表情符号|名词emoticon的复数形式.
hms	英国政府公务（Her/ Service）；皇家海军舰艇（Her/ Ship）	1711533	both	close_common	abbr. 英国政府公务 (Her/ His Majesty's Service)
ottoman	土耳其帝国的（等于Turkish）；土耳其人的；土耳其民族的	1703262	both	close_common	n. 软凳；垫脚软凳|Ottoman.|n. 土耳其人|adj. 土耳其帝国的；土耳其人的；土耳其民族的（=Turkish）
burgers	n. 汉堡；Burgers.；n. 伯格斯(姓氏)	1682693	both	close_common	n. 汉堡|名词burger的复数形式.|Burgers.|n. 伯格斯(姓氏)
hershey	[医] Day美国生物学家，1908年生，因研究病毒的遗传物质和机理，与 Delbruck和 E. Luria共获1969年医学生理学诺贝尔奖	1676137	both	domain_medical	n. 赫尔希(姓氏）|n. 赫尔希小镇(位于美国宾夕法尼亚州)
pearce	[英格兰人姓氏] 皮尔斯来源于中世纪英语教名，Peter的土语形式； [地名] [加拿大、美国] 皮尔斯	1668218	both	hal_rejected	穿
dmoz	开放目录项目（来自于Directory.Mozilla.org的简写，一个由世界各地志愿者共同维护与建设的全球目录社区）	1642050	both	close_common	开放目录项目, 也叫Open Directory Project
wilkins	威尔金斯(①姓氏 ② Frederick, 1916-, 生于新西兰的英国生物物理学家, 曾获1962年诺贝尔生理学-医学奖)	1641416	both	close_common	威尔金斯(①姓氏 ②Maurice Hugh Frederick,  1916-, 生于新西兰的英国生物物理学家, 曾获1962年诺贝尔生理学-医学奖)
emmanuel	以马内利（耶稣基督的别称）；伊曼纽尔（男子名，等于Immanuel）	1630708	both	hal_rejected	n. 救世主(基督教《圣经》中先知Isaiah及圣徒Matthew等对耶酥基督的别称；意为：上帝与我们同在)|=immanuel.
everlasting	adj. 永恒的；持久的；无止境的；n. 永恒；永久盛开的花；[大写]Everlasting: 上帝.	1630054	both	close_common	adj. 永恒的；持久的；无止境的|n. 永恒；永久盛开的花|[大写]Everlasting: 上帝.
argentine	adj. 银的；n. 银；Argentine.；n. 阿根廷人；adj. 阿根廷（人）的	1628903	both	close_common	adj. 银的|n. 银|Argentine.|n. 阿根廷人|adj. 阿根廷（人）的
mnt	(=17-α-methyl-19-nortestosterone) 甲基去甲睾丸酮, 甲诺酮, 甘露醇, 甘露糖醇, 微量中和试验, 单硝基甲苯	1615936	both	close_common	(=17-α-methyl-19-nortestosterone) 甲基去甲睾丸酮, 甲诺酮,(=mannitol) 甘露醇, 甘露糖醇,(=micro neutralization test) 微量中和试验,(=mononitrotoluene) 单硝基甲苯
antony	Antony.；n. 安东尼（男子名）；n. 安东尼市（法国中北部城市）	1615554	both	close_common	Antony.|n. 安东尼（男子名）|=Anthony.|n. 安东尼市（法国中北部城市）
abigail	n. 侍女；Abigail:.；n. 阿比盖尔(女子名)	1604495	both	close_common	n. 侍女|Abigail:.|n. 阿比盖尔(女子名)
eyeglasses	眼镜（等于glasses）	1598397	both	close_common	n. 眼镜|=glasses.
crowley	[爱尔兰姓氏] 克罗利住所名称，来源于古英语，含义是“鸦+树林，开垦地”(crow+wood,clearing)	1588300	both	domain_medical	n. 克罗雷
breckenridge	[英格兰人姓氏] 布雷肯里奇 Brackenridge的变体； [地名] [美国] 布雷肯里奇	1573851	both	close_common	n. 布雷肯里奇(在美国；西经 98º56' 北纬 32º45')
paisley	n. (苏格兰)佩斯利涡旋纹花呢；adj. 佩斯利织物的；Paisley.；n. 佩斯里(苏格兰西南部一城市)	1557028	both	close_common	n. (苏格兰)佩斯利涡旋纹花呢|adj. 佩斯利织物的|Paisley.|n. 佩斯里(苏格兰西南部一城市)
elias	伊莱亚斯（希伯来先知, 等于Elijah）	1552410	both	close_common	n. 伊莱亚斯(希伯来先知)|=Elijah.
marseille	n. 马塞双层布；Marseille.；n. 马赛(法国港口城市）	1542837	both	close_common	n. 马塞双层布|Marseille.|n. 马赛(法国港口城市）
stephenson	斯蒂芬森(①姓氏 ②George, 1781-1848, 英国发明家, 蒸气机的发明人)	1542254	both	close_common	斯蒂芬森(①姓氏 ②George,  1781-1848, 英国发明家, 蒸气机的发明人)
bum	流浪汉；屁股；狂欢作乐；能力差的人；嗡嗡声；执达员（等于bumbailiff）	1523602	both	close_common	n. 流浪汉；游荡者；懒鬼|n. <俚>屁股|n. 狂欢|adj. 无价值的；残废的；不合理的|vt. 使失望|vt. 乞求|vi. 乞讨；游荡
submitter	发送者；传送者；提交人（原形是submit）	1521555	both	close_common	vt. 使服从；使屈服；提交；递交；认为|vi. 屈从
clinique	诊所，门诊部（等于clinic）	1518938	both	close_common	n. 诊所；门诊部|=clinic.
goddard	戈达德(①姓氏 ② Hutchings； 1882-1945； 美国物理学家； 火箭工程学的先驱者)	1516197	both	close_common	戈达德(①姓氏 ②Robert Hutchings；  1882-1945； 美国物理学家； 火箭工程学的先驱者)
imitrex	[医]琥珀酸舒马普曲坦注射剂（含 succinate）	1480884	both	domain_medical	琥珀酸舒马普曲坦注射剂(含sumatriptan succinate)
dynamical	动力学的（等于dynamic）；有生气的；有力的	1477917	both	close_common	adj. 动力的；电动的；有生气的；不断变化的|=dynamic.
nautilus	n. 鹦鹉螺；舡鱼；Nautilus.；n. 鹦鹉螺号(美国第一艘核潜艇)	1470549	both	close_common	n. 鹦鹉螺；舡鱼|Nautilus.|n. 鹦鹉螺号(美国第一艘核潜艇)
henley	亨里（姓氏； Ernest, 1849-1903，英国诗人，批评家及剧作家）	1466836	both	close_common	亨里(①姓氏 ②William Ernest,  1849-1903, 英国诗人, 批评家及剧作家)
effexor	[医]郁复伸，（文拉法辛制剂）（含venlafaxine）	1465969	both	domain_medical	郁复伸, (文拉法辛制剂)(含venlafaxine)
edmond	埃德蒙（亦作Edmund）	1453269	both	close_common	n. 埃德蒙(男子名；亦作Edmund)|n. 埃特蒙德(美国城市)
assassin	n. 暗杀者；刺客；Assassin.；n. 暗杀基督教十字军成员的穆斯林狂热派	1449166	both	close_common	n. 暗杀者；刺客|Assassin.|n. 暗杀基督教十字军成员的穆斯林狂热派
ives	艾夫斯(①姓氏,男子名② Edward,1874-1954,美国作曲家 ③ Merritt, 1824-1895, 美国石印家)	1437217	both	score	艾夫斯(①姓氏, 男子名②Charles Edward,  1874-1954, 美国作曲家 ③James Merritt,  1824-1895, 美国石印家)
jody	乔迪(Judith的昵称亦作	1433607	both	close_common	n. 乔迪(女子名；Judith的昵称；亦作Jodi；Jodie)
hmc	(=5- cytosine) 5-羟甲基胞嘧啶, 手镜形细胞, 保健合作, 海洛因、吗啡和古柯碱合剂, 医院管理委员会, 人中期染色体, 东莨菪碱-吗啡-可待因	1425449	both	close_common	(=5-hydroxymethyl cytosine) 5-羟甲基胞嘧啶,(=hand-mirror cell) 手镜形细胞,(=health maintenance cooperative) 保健合作,(=heroin, morphine, and cocaine(mixture)) 海洛因、吗啡和古柯碱合剂,(=hospital management committee) 医院管理委员会,(=human metaphase chromosome) 人中期染色体,(=hyoscine-morphine-codeine) 东莨菪碱-吗啡-可待因
hyperlinks	n. 超级链接；名hyperlink词的复数形式.	1424368	both	score	超链接( hyperlink的名词复数 )
trapping	n. 诱捕；trappings: 装饰物； 象征的符号.	1415594	both	close_common	n. 诱捕|（复数）trappings: 装饰物； 象征的符号.|动词trap的现在分词.
nix	无（等于nothing）；皆无；女水妖（出现在德国神话中）	1414384	both	close_common	n. 无；皆无；水中精灵|v. 禁止；拒绝|adv. 不是这样；不
planck	普朗克 ( Ludwig, 1858-1947, 德国物理学家, 量子论确立者, 曾获1918年诺贝尔物理学奖)	1412481	both	close_common	普朗克 (Max Karl Ernst Ludwig,  1858-1947, 德国物理学家, 量子论确立者, 曾获1918年诺贝尔物理学奖)
reformation	n. 改造；变革；Reformation.；n. (十六世纪欧洲的)宗教改革运动	1412334	both	close_common	n. 改造；变革|Reformation.|n. (十六世纪欧洲的)宗教改革运动
coliseum	竞技场；大剧场；大体育馆（等于colosseum）	1392116	both	close_common	n. 大体育馆；大剧场；大公共娱乐场|=colosseum.
potty	便壶；小孩用的拉屎座椅（等于 chair）；小孩用的厕所（等于pottie）	1390617	both	close_common	n. (小孩的)便壶|adj. 疯癫的；着迷的；微小的；愚蠢的
groves	n. 小树林；果树园；Groves.；n. 格罗夫斯(美国得克萨斯州东南一城市)；n. 格罗夫斯	1377169	both	close_common	n. 小树林；果树园|名词grove的复数形式.|Groves.|n. 格罗夫斯(美国得克萨斯州东南一城市)|n. 格罗夫斯(人名)
adirondack	阿尔岗金族印第安人； 艾迪龙达克（美国IBM公司大型计算机System3081D在开发时期所用代号）	1370037	both	close_common	n. 阿尔岗金族印第安人；Camp Adirondack (minimum-security prison in the Adirondack Mountains near Lake Placid；New York) 艾迪伦达克集中营(位于纽约普莱西德湖附近艾迪伦达克山上的最低安全监狱)
wheeling	n. 旋转；车辆搬运；道路行车鉴定；Wheeling.；n. 惠灵（美国伊利诺斯州东北部村庄；西弗吉尼亚州西北部城市）	1367716	both	close_common	n. 旋转；车辆搬运；道路行车鉴定|动词wheel的现在分词形式.|Wheeling.|n. 惠灵（美国伊利诺斯州东北部村庄；西弗吉尼亚州西北部城市）
madeleine	玛德琳蛋糕；马德琳（女子名，等于Madelin）	1358505	both	close_common	n. 玛德琳(女子名)|madeleine.|n. 玛德琳蛋糕
erwin	欧文(Irving的异体)	1356404	both	close_common	n. 欧文(Irving的异体)(m
freaky	畸形的；捉摸不定的（等于freakish）	1352418	both	close_common	adj. (=freakish)畸形的；古怪的；捉摸不定的
suisse	（法）瑞士（等于Switzerland）	1348414	both	close_common	n. 瑞士|=Switzerland.
frankenstein	n. 弗兰肯斯坦(英国女作家 W. Shelly所著同名小说中的主角)；人形怪物；作法自毙的人，被自己的创造物所毁者	1347765	both	close_common	n. 弗兰肯斯坦(英国女作家Mary W. Shelly所著同名小说中的主角)；人形怪物；作法自毙的人，被自己的创造物所毁者
slackware	由 Volkerding于1993年创建并维护至今的一个Linux发行版本	1332904	both	close_common	由Patrick Volkerding于1993年创建并维护至今的一个Linux发行版本。
goalie	守门员（等于goalkeeper）	1329458	both	close_common	n. <非正式> (足球等运动的)守门员|=goalkeeper
goodyear	固特异轮胎（世界500强的橡胶产业, 总部设于美国）；古德伊尔（①姓氏②Charles, 1800-1860, 发明硬橡皮制造法的美国人）	1318472	both	close_common	古德伊尔(①姓氏 ②Charles,  1800-1860, 发明硬橡皮制造法的美国人)
pollock	n. [动]青鳕；Pollock.；n. 波洛克（男子名）	1314501	both	close_common	n. [动]青鳕|=pollack.|Pollock.|n. 波洛克（男子名）
malvinas	玛尔维娜(女子名)[亦作 Malvine]	1287464	both	close_common	Malvinas Islands (Falklands) 玛尔维娜岛屿
eudora	一种电子邮件软件，由Qualcomm公司出品	1269763	both	close_common	n. [计] 一种电子邮件软件；由Qualcomm公司出品|n. 尤朵拉（女子名）
sildenafil	西地那非； [医]昔多芬，一氧化氮样药物，商品名Viagra（伟哥）	1269245	both	domain_medical	昔多芬； 一氧化氮样药物； 商品名Viagra(伟哥)
calypso	n. 卡利普索民歌；匙唇兰；Calypso.；n. [希神]卡吕普索(海之女神)	1268267	both	tld_rejected	海中女神（荷马《奥德赛》中人物）
racine	拉辛(①姓氏 ② Baptiste, 1639-1699, 法国剧作家)	1267167	both	close_common	拉辛(①姓氏 ②Jean Baptiste,  1639-1699, 法国剧作家)
retinal	[生化] 视黄醛（等于retinene）	1253019	both	domain_medical	adj. 视网膜的
fv	abbr. [军] Vehicle；战斗车辆	1248479	both	score	flush valve 冲洗阀; femtovolt 毫微微伏; fuel valve 燃料阀; fire vent 火焰口出烟口
comfy	舒服的；轻松的（等于comfortable）	1245404	both	close_common	adj. <口>舒服的；舒适的|=comfortable
canning	n. 罐头制造业；装罐头；Canning.；n. 坎宁（姓氏）	1237146	both	close_common	n. 罐头制造业；装罐头|动词can的现在分词形式.|Canning.|n. 坎宁（姓氏）
charley	[男子名] 查利 Charles的昵称	1218174	both	close_common	n.  <英> 蠢人（=charlie)|Charley|n.  查理（男子名）
cordoba	n. 科多瓦(尼加拉瓜的货币单位)；Cordoba.；n. 科尔多瓦（西班牙城市)；n. 科尔多瓦(阿根廷城市)	1201447	both	close_common	n. 科多瓦(尼加拉瓜的货币单位)|Cordoba.|n. 科尔多瓦（西班牙城市)(=Cordova)|n. 科尔多瓦(阿根廷城市)
goldsmith	n. 金匠；Goldsmith.；n. 戈德史密斯（姓氏）	1197840	both	close_common	n. 金匠|Goldsmith.|n. 戈德史密斯（姓氏）
hawking	n. 利用鹰行猎；贩卖；Hawking: 霍金（人名）.	1194571	both	close_common	n. 利用鹰行猎；贩卖|动词hawk的现在分词形式.|Hawking: 霍金（人名）.
mcmillan	麦克米伦 (①姓氏 ② Mattison, 1907-, 美国化学家, 曾获1951年诺贝尔化学奖)	1191476	both	close_common	麦克米伦 (①姓氏 ②Edwin Mattison,  1907-, 美国化学家, 曾获1951年诺贝尔化学奖)
emanuel	伊曼纽尔（亦作Emmanuel,Immanuel）	1185579	both	close_common	n. 伊曼纽尔(男子名)；以马内利（希伯来语，意为“上帝与我们同在“）|=Emmanuel.|=Immanuel.
serene	adj. 安详的；宁静的；平静的；Serene.；adj. 尊贵的	1185408	both	close_common	adj. 安详的；宁静的；平静的|Serene.|adj. 尊贵的
winona	威诺娜（亦作 Wenona, Wenonah）	1182765	both	close_common	n. 威诺娜(亦作 Wenona；Wenonah)(f
orwell	奥韦尔(①姓氏 ②George, 本名 Blair, 1903-1950, 英国小说家及散文家)	1177438	both	close_common	奥韦尔(①姓氏 ②George, 本名 Eric Blair,  1903-1950, 英国小说家及散文家)
rhythmic	[生物] 有节奏的（等于rhythmical）；间歇的；合拍的	1177228	both	domain_medical	adj. 有节奏的；有韵律的
psyche	n. 【C】精神；心灵；灵魂；Psyche：[希神]塞姬（爱神丘比特所爱的美女）.	1166306	both	close_common	n. 【C】精神；心灵；灵魂|Psyche：[希神]塞姬（爱神丘比特所爱的美女）.
yc	云南商务管理体系（ Commodity和 Commerce的缩写）；重型橡套软电缆的一种型号	1156265	both	close_common	(=y-chromosome) y染色体,(=young controls) 青年对照组
gretchen	格雷琴(Margaret的昵称)	1149394	both	close_common	n. 格雷琴(Margaret的昵称)(f
scotty	苏格兰狗（等于Scottie）	1140138	both	close_common	n. [亦作s-] = Scottie
tortoise	龟，[脊椎] 乌龟（等于testudo）；迟缓的人	1133746	both	hal_rejected	n. 龟
mwf	abbr. ' 女医务人员联合会； Forces；水雷作战部队	1131918	both	score	Maxwell-Wagner frequency 麦克斯韦-韦格内频率; mucociliary wave frequency 粘液纤毛波动频率; methanol-water fraction 甲醇-水组分; modified weighting factor 修正加权[权重]系数
zachary	圣扎迦利（等于Zacharias, Saint）；扎卡里（男子名）	1129405	both	close_common	n. 圣扎迦利(即Zacharias；Saint)
venezia	（意）威尼斯（等于Venice）	1129344	both	close_common	n. 威尼斯（Venice的意大利名称）
coz	堂兄弟姐妹；表兄弟姐妹（等于cousin）	1113081	both	close_common	abbr. 堂(或表)兄弟(姐妹) (=cousin)|abbr. 由于；因为 =cuz
westinghouse	威斯丁豪斯(①姓氏 ②George, 1846-1914, 美国发明家)	1112917	both	close_common	威斯丁豪斯(①姓氏 ②George,  1846-1914, 美国发明家)
dhl	敦豪速递公司（Dalsey， Lynn是一家国际快递公司）	1107599	both	close_common	abbr. 希伯来文学博士（=doctor of Hebrew literature）
gallup	n. 盖洛普（美国新墨西哥州城市名）；n. 盖洛普(姓氏； Horace；美国统计学家；盖洛普民意测验的创始人)	1092401	both	close_common	n. 盖洛普（美国新墨西哥州城市名）|n. 盖洛普(姓氏；George Horace；美国统计学家；盖洛普民意测验的创始人)
weller	韦勒 （姓氏； Huckle, 1915-，美国微生物学家，曾获1954年诺贝尔生理学-医学奖）	1086983	both	close_common	韦勒 (①姓氏 ②Thomas Huckle,  1915-, 美国微生物学家, 曾获1954年诺贝尔生理学-医学奖)
johanna	约翰娜(Joanna的异体)	1084085	both	close_common	n. 约翰娜(Joanna的异体)(f
cottonwood	n. [植]三角叶杨；棉白杨；Cottonwood.；n. 科顿伍德河(美明尼苏达州河流名)	1072505	both	close_common	n. [植]三角叶杨；棉白杨|Cottonwood.|n. 科顿伍德河(美明尼苏达州河流名)
homewood	霍姆伍德； [地名] [加拿大、美国、新西兰] 霍姆伍德	1070118	both	close_common	n. 霍姆伍德(在美国；西经 87º40' 北纬 41º34')
kuhn	库恩（姓氏； Richard, 1900-1967，生于奥地利的德国化学家，曾获1938年诺贝尔化学奖）	1067449	both	close_common	库恩(①姓氏 ②Richard,  1900-1967, 生于奥地利的德国化学家, 曾获1938年诺贝尔化学奖)
sua	( account单用户帐号)	1059911	both	score	子系统基于UNIX的应用程序（Subsystem for UNIX-based Applications）；单用户帐号（Single User Account）；特殊用途空域（Special Use Airspace）；美国索卡大学（Soka University of America）
macleod	麦克劳德(①姓氏 ② Rickard, 1876-1935, 英国生理学家, 曾获1923年诺贝尔生理学-医学奖)	1055084	both	close_common	麦克劳德(①姓氏 ②John James Rickard,  1876-1935, 英国生理学家, 曾获1923年诺贝尔生理学-医学奖)
hackney	n. 乘用马；出租马车；受雇的人；adj. 陈腐的；受雇的；v. 使变平凡；使变得世故、老练；Hackney；n. 海克尼挽马；哈克尼(英格兰地名)	1054260	both	close_common	n. 乘用马；出租马车；<古>受雇的人|adj. 陈腐的；受雇的|v. 使变平凡；<古>使变得世故、老练|Hackney|n. 海克尼挽马；哈克尼(英格兰地名)
interconnected	adj. 相互连接的；v. interconnect的动词过去式、过去分词	1052701	both	close_common	adj. 相互连接的|v. interconnect的动词过去式、过去分词
ridley	鳞龟属动物（产于墨西哥湾，等于Lepidochelys）	1047880	both	close_common	n. 鳞龟属动物 (产于墨西哥湾=Lepidochelys)
cleo	n. 克利奥(女子名；Cleopatra的昵称)	1038418	both	score	clear language for expressing orders 用于表达命令的清晰语言
gustav	[男子名] 古斯塔夫 Gustavus的变体	1035533	both	close_common	n. 古斯塔夫(男子名)|=Gustavus.
dissenting	不同意的（等于dissentient）	1034592	both	close_common	adj. 不同意的|动词dissent的现在分词形式.
montague	[男子名] [英格兰人姓氏] 蒙塔古 Montagu的变体； [地名] [加拿大、美国] 蒙塔古	1033786	both	hal_rejected	n. 蒙塔古(《罗密欧与朱丽叶》中罗密欧家族的姓氏)
darlene	达琳（亦作 Darleen）	1030408	both	close_common	n. 达琳(亦作 Darleen) (f
wilbur	威尔伯（男子名，等于Wilber）	1029357	both	close_common	n. 威尔伯(亦作Wilber)(m
caucasus	高加索（俄罗斯南部地区，位于黑海和里海之间，等于Caucasia）；高加索山脉（等于 Mountains）	1025795	both	close_common	n. 高加索山脉；高加索（苏联欧洲部分东南部的地区）|=Caucasia.
rochdale	principles[复]罗奇代尔合作社原则	1024637	both	close_common	principles[复]罗奇代尔合作社原则
swatch	n. （布料等的）样品；Swatch.；n. 斯沃琪(一瑞士手表品牌)	1020069	both	close_common	n. （布料等的）样品|Swatch.|n. 斯沃琪(一瑞士手表品牌)
marsha	玛莎(Marcia的异体)	1008975	both	close_common	n. 玛莎(Marcia的异体)(f
badgers	n. 獾；獾皮(毛)；Badger:獾州人(对威斯康星州人的昵称).；v. 纠缠；一再烦扰；吵着要	1004989	both	score	獾( badger的名词复数 ); 獾皮; （大写）獾州人（美国威斯康星州人的别称）; <动><澳>毛鼻袋熊
garter	n. 吊袜带；Garter：嘉德勋章；嘉德勋位的成员.；v. 用吊带系紧	1004872	both	close_common	n. 吊袜带|Garter：嘉德勋章；嘉德勋位的成员.|v. 用吊带系紧
krause	[医]唇压肌； [人名] 克劳斯	988956	both	domain_medical	n. 克劳斯
hemorrhage	[病理] 出血（等于haemorrhage）；番茄汁	978574	both	domain_medical	n. 出血；溢血；失控的行为
perrin	佩兰( Baptiste, 1870-1942, 法国物理学家, 曾获1926年诺贝尔物理学奖)	976712	both	close_common	佩兰(Jean Baptiste,  1870-1942, 法国物理学家, 曾获1926年诺贝尔物理学奖)
wmf	Windows图元文件格式	974604	both	close_common	Windows图元文件格式。
carlyle	n. 卡莱尔(①姓氏；男子名 ②Thomas；1795-1881；苏格兰作家；历史学家；哲学家)	972446	both	close_common	n. 卡莱尔(①姓氏；男子名 ②Thomas；1795-1881；苏格兰作家；历史学家；哲学家)
aeronautical	航空的；航空学的；飞机驾驶员的（等于aeronautic）	970791	both	close_common	adj. 航空的；航空学的|=aeronautic.
tux	男士无尾半正式晚礼服（等于tuxedo）	966952	both	close_common	n. 男士无尾半正式晚礼服(=tuxedo)
hemoglobin	[生化] 血红蛋白（等于haemoglobin）；血红素	942297	both	domain_medical	n. 血红蛋白（hemo前缀解释为血；globin解释为球蛋白）
zi	美国本土，后方地带（等于 interior）	940621	both	close_common	abbr. 后方地带（=zone of interior）
jesuit	耶稣会信徒；阴险的人（等于jersuit）	938697	both	close_common	n. 阴险的人；阴谋家|Jesuit: 耶稣会信徒.
whitley	[英格兰人姓氏] 惠特利 Whiteley的变体； [地名] [英国] 惠特利	935021	both	close_common	Council 惠特利协议会(即英国联合工业协议会)
hanukkah	光明节（犹太教节日，等于Chanukah）	929056	both	close_common	n. 光明节(犹太纪念节日之一)|=Chanukah.
takahashi	高桥[日本]； [地名] [日本] 高梁	926210	both	close_common	n. 高梁(在日本东经 133º38' 北纬 34º48')；高桥（姓氏）
bonneville	博纳维尔牌汽车； 犹他州的邦纳维尔； [医]宝石柱白鲑； [人名] 博纳维尔； [地名] [法国] 博讷维尔	915224	both	domain_medical	n. 博纳维尔
wiener	（美）维也纳香肠（等于frankfurter）	910477	both	close_common	n. 小熏肠；维也纳香肠(=frankfurter)；小鸡鸡(儿语)|=wienie；weenie.
landry	兰德里； [地名] [法国] 朗德里	909412	both	domain_legal	n. 兰德里（姓氏）
counsellor	顾问；参赞；辅导员（等于counselor）；律师；法律顾问	908417	both	close_common	n. 顾问；辅导员；律师|=counselor(美).
belgique	比利时（西欧国家，首都布鲁塞尔Brussels）	908226	both	close_common	n. 比利时|=Belgium.
zithromax	[医]希舒美（含 dihydrate）	906288	both	domain_medical	希舒美(含azithromycin dihydrate)<抗生素类药>
rainier	adj. 多雨的；形容词rainy的比较级形式.；Rainier.；n. 雷尼尔山（美国华盛顿州中西部火山）	905792	both	close_common	adj. 多雨的|形容词rainy的比较级形式.|Rainier.|n. 雷尼尔山（美国华盛顿州中西部火山）
peyton	佩顿（亦作 Payton）	904978	both	close_common	n. 佩顿(亦作 Payton)(m
mandela	纳尔逊曼德拉 Nelson, [1918, 南非黑人反种族隔离活动家]	899703	both	close_common	纳尔逊曼德拉 Nelson, [1918, 南非黑人反种族隔离活动家]
rawlings	[英格兰人姓氏] 罗林斯取自父名，来源于Rawling,含义是“罗林之子”	896378	both	hal_rejected	(姓)
reverence	n. 敬畏；尊敬；尊严；v. 尊敬；敬畏；崇敬；Reverence: 对某些基督教神职人员的尊称.	893456	both	close_common	n. 敬畏；尊敬；尊严|v. 尊敬；敬畏；崇敬|Reverence: 对某些基督教神职人员的尊称.
guillaume	纪尧姆（姓氏； Edouard, 1861-1938，生于瑞士的法国物理学家，曾获1920年诺贝尔物理学奖）	883930	both	close_common	纪尧姆(①姓氏 ②Charles Edouard,  1861-1938, 生于瑞士的法国物理学家, 曾获1920年诺贝尔物理学奖)
venerable	adj. 值得尊敬的；庄严的； Venerable.；adj. (英国国教的)副主教的称；(天主教)被列入可敬的称号	882393	both	close_common	adj. 值得尊敬的；庄严的|the Venerable.|adj. (英国国教的)副主教的称；(天主教)被列入可敬的称号
marge	边缘（等于margin）	876008	both	close_common	n. <英>人造黄油（=margarine）；<古>边；缘
edema	[病理] 水肿（等于oedema）；瘤腺体	873634	both	close_common	n.  [医]浮肿； 水肿； [植]瘤腺体|<美>(=oedema )
redondo	[秘鲁、多米尼加共和国、美国] 雷东多； [地名] [葡萄牙] 雷东杜	870479	both	close_common	n. 雷东杜(在葡萄牙；西经 7º32' 北纬 38º38')
rationality	n. 理性；合理性；rationalities:合理的意见（信仰、行为等）.	867752	both	close_common	n. 理性；合理性|（复数）rationalities:合理的意见（信仰、行为等）.
kilometer	[计量] 公里；[计量] 千米（等于kilometre）	867428	both	close_common	n. =kilometre 公里；千米(略作km)
justine	贾丝廷(Justina的异体)	866589	both	close_common	n. 贾丝廷(女子名；Justina的异体)
cray	小龙虾（等于crayfish）	861878	both	score	n.  <澳新>=crayfish
sanger	桑格（姓氏； Frederick, 1918-，美国生物化学家，曾获 1958年诺贝尔化学奖）	861440	both	close_common	桑格(①姓氏 ②Frederick,  1918-, 美国生物化学家, 曾获 1958年诺贝尔化学奖)
woodwind	n. 木管乐器；（复）woodwinds: 木管乐队.	861164	both	close_common	n. 木管乐器|（复）woodwinds: 木管乐队.
carta	[计] - Analysis,计算机辅助记录器捕获分析	860402	both	close_common	n. 君士坦丁(在阿尔及利亚；东经 6º43' 北纬 36º25')
naturist	裸体主义者（指认为裸体有益身心的人）；天体运动者（等于nudist）	860242	both	close_common	n. (=nudist)天体运动者；裸体主义者(指认为裸体有益身心的人)
ollie	奥利（男子名，等于Oliver）；奥莉（女子名，等于Olive）；翱骊（滑板的一种动作）	855837	both	close_common	n. 奥利(男子名；Oliver的昵称)
rousseau	n. 卢梭(1844-1910)；名Hanri；法国原始派风格画家；n. 卢梭(1712-1778)；名 Jacques；法国启蒙思想家；哲学家	855380	both	close_common	n. 卢梭(1844-1910)；名Hanri；法国原始派风格画家|n. 卢梭(1712-1778)；名Jean Jacques；法国启蒙思想家；哲学家；教育家和文学家|n. 卢梭(1812-1867)；名Pierre；法国风景画家；巴比松画派主要人物之一
dulles	杜勒斯(①姓氏 ② Foster, 1888-1959, 曾于1953-1959任美国国务卿)	853060	both	close_common	杜勒斯(①姓氏 ②John Foster,  1888-1959, 曾于1953-1959任美国国务卿)
scotts	斯科茨； [地名] [美国] 斯科茨	850659	both	close_common	n. 斯科茨(在美国；西经 85º27' 北纬 42º12')
mott	莫特(①姓氏 ② Raleigh, 1865-1955, 美国宗教家, 曾获1946年诺贝尔和平奖 ③Lucretia, 1793-1880, 本姓Coffin	849625	both	close_common	莫特(①姓氏 ②John Raleigh,  1865-1955, 美国宗教家, 曾获1946年诺贝尔和平奖 ③Lucretia,  1793-1880, 本姓Coffin, 美国女社会改革家)
diflucan	[医]大扶康（含 fluconazole）	849279	both	domain_medical	大扶康(含 fluconazole)
kgs	千克（重量单位，kilograms）；生酮类固醇；吉尔吉斯斯坦索姆（吉尔吉斯斯坦货币名）；毛重净重	843641	both	close_common	(=ketogenic steroid(s)) 生酮类固醇
nema	[古生物]线管； [医][希]线虫：同nematode； 刺丝	842041	both	domain_medical	n. 美国全国电器制造商协会
schiller	席勒(①姓氏 ② von, 1759Schiller1805, 德国诗人及剧作家)	841687	both	close_common	席勒(①姓氏 ②Johann Christoph Friedrich von,  1759Schiller1805, 德国诗人及剧作家)
clovis	[法]克洛维斯； [人名] 克洛维斯； [地名] [美国] 克洛维斯	837893	both	domain_legal	n. 克洛维斯
doodle	v. 乱写；乱画；信手涂鸦；n. 乱写；乱画；Doodle；n. 谷歌涂鸦（搜索引擎谷歌Google于节日和其他纪念日在主页上展示的定制版谷歌图标）	821153	both	close_common	v. 乱写；乱画；信手涂鸦|n. 乱写；乱画|Doodle|n. 谷歌涂鸦（搜索引擎谷歌Google于节日和其他纪念日在主页上展示的定制版谷歌图标）
mchenry	[苏格兰人、爱尔兰人姓氏] 麦克亨利盖尔语姓氏的英语形式，来源于教名Henry的盖尔语形式； [地名] [美国] 麦克亨利	820692	both	close_common	n. 麦克亨利(在美国；西经 89º09' 北纬 30º41')
shabbat	（犹太教）安息日（等于Shabbos，Shabbas）	820362	both	close_common	n. (犹太教)安息日(亦作Shabbos；Shabbas)
cartwright	n. 车匠；修车工；Cartwright.；n. 卡特赖特(名字)；卡特赖特·埃德蒙(英国动力织机发明者；1743-1823)	815878	both	close_common	n. 车匠；修车工|Cartwright.|n. 卡特赖特(名字)；卡特赖特·埃德蒙(英国动力织机发明者；1743-1823)
ramsay	拉姆齐(①姓氏 ② William, 1852-1916, 英国化学家, 氦的发现者, 曾获1904年诺贝尔化学奖)	813241	both	close_common	拉姆齐(①姓氏 ②Sir William,  1852-1916, 英国化学家, 氦的发现者, 曾获1904年诺贝尔化学奖)
bebe	[医]婴儿（计算机病毒名）； [人名] 比比	811435	both	domain_medical	n. 比比
joann	[女子名] 乔安 Joan的变体； [人名] 琼	807437	both	hal_rejected	n. 琼
gonzaga	[巴西、意大利] 贡扎加； [地名] [菲律宾] 贡萨加	806455	both	close_common	n. 贡扎加(在意大利；东经 10º49' 北纬 44º58')
palmyra	n. [植]扇叶树头榈；Palmyra.；n. 帕尔米拉(叙利亚城市名)	801644	both	close_common	n. [植]扇叶树头榈|Palmyra.|n. 帕尔米拉(叙利亚城市名)
hearst	赫斯特(①姓氏 ② Randolph； 1863-1951； 美国新闻经营者 ③ Randolph； Jr.；1908-；美国新闻经营者)	799065	both	close_common	赫斯特(①姓氏 ②William Randolph；  1863-1951； 美国新闻经营者 ③Willian Randolph； Jr.；1908-；美国新闻经营者)
yasmin	[医]雅司明(drospirenone和 estradil口服剂)； [人名] 亚斯明，亚丝明（女名）	797806	both	domain_medical	n. 亚斯明; 亚丝明
ningbo	宁波（中国地名，旧译Ningpo）	797466	both	close_common	宁波[浙江省](旧译Ningpo)
wearable	adj. 可以穿戴、佩带的；n. （复）wearables: 衣服	795330	both	close_common	adj. 可以穿戴、佩带的|n. （复）wearables: 衣服
kingfisher	n. 翠鸟；Kingfisher.；n. 翠丰公司(英国的一家主要经营零售的公司)	793272	both	close_common	n. 翠鸟|Kingfisher.|n. 翠丰公司(英国的一家主要经营零售的公司)
mares	[医]母马； [人名] 马雷斯	789891	both	domain_medical	n. 马雷斯
yeti	雪人（等于 Snowman）	787113	both	close_common	n. (传说中喜马拉雅山的)雪人(=Abominable Snowman)
isolde	n. 伊索尔德（女子名；嫁给康沃尔的国王Mark却被骑士Tristan所爱的爱尔兰公主）	786673	both	close_common	n. 伊索尔德（女子名；嫁给康沃尔的国王Mark却被骑士Tristan所爱的爱尔兰公主）
loeb	罗卜（Jacques；1859-1924生于德国的美国生理学家及生物学家）	786285	both	close_common	罗卜(Jacques,  1859-1924生于德国的美国生理学家及生物学家)
sdf	abbr. [军] Forces；自卫队	781787	both	score	special duty flight 特别任务飞行; standard data format 标准数据格式; static direction finder 静止测向仪; 固定测向仪
starved	（等于starving）饥饿的	781539	both	close_common	adj. 饥饿的|动词starve的过去式和过去分词.
sitcom	n. 情景喜剧；SITCOM.；n. 单收入、有两个孩子及沉重房贷负担的家庭	781513	both	close_common	n. 情景喜剧（=situation comedy）|SITCOM.|n. 单收入、有两个孩子及沉重房贷负担的家庭(=Single Income Two Children Oppressive Mortgage)
janssen	[医]杨森（药厂名）； [人名] 詹森	770951	both	domain_medical	n. 詹森
kinsey	n. [姓氏] 金赛； Kinsey； 金赛教授(著有>； 调查美国人之性行为)	768538	both	close_common	n.  [姓氏] 金赛|Alfred Charles Kinsey； 金赛教授(著有<<金赛报告>>； 调查美国人之性行为)
rmb	人民币（等于Renminbi）	767041	both	close_common	abbr. 人民币(=Renminbi)
jeannie	[女子名] 珍妮 Jane,Jean,Joan,Joanna等的昵称	759553	both	close_rich	n. 珍妮
connexion	连接，联系（等于connection）	755291	both	close_common	n. 联系；连结|= connection（美）.
drayton	德雷顿(①姓氏 ②Michael, 1563-1631, 英国诗人)	749219	both	close_common	德雷顿(①姓氏 ②Michael,  1563-1631, 英国诗人)
adecco	Adecco公司(财富500强公司之一, 总部所在地瑞士, 主要经营)	745855	both	close_common	Adecco公司(财富500强公司之一, 总部所在地瑞士, 主要经营)
kfc	肯德基（ Chicken，快餐连锁店品牌）	744841	both	close_common	abbr. (商标)肯德基 (=Kentucky Fried Chicken)
bigfoot	大脚；传说中生存于北美洲西北部太平洋沿岸森林中的野人（等于Sasquatch）	743525	both	close_common	n. 大脚怪(据称生活在北美洲西北部太平洋沿岸森林中的野人；亦称Sasquatch)
margo	[医]缘,Margo：马戈	743004	both	close_common	[医]缘,Margo：马戈（人名）
gentile	n. 异教徒；adj. 异教徒的；Gentile: n.；非犹太教徒；非摩门教徒；adj. 非犹太人的；非摩门教徒的	741856	both	close_common	n. 异教徒|adj. 异教徒的|Gentile: n.；非犹太教徒；非摩门教徒|adj. 非犹太人的；非摩门教徒的
