word	translation	category	reason	hallelujah_original	frequency
abbeville	n. 阿布维尔（法国一城市）	EXCELLENT	POS	n. 阿布维尔(在法国；东经 1&#186;51' 北纬 50&#186;06')	487728
abisko	n. [瑞典] 阿比斯库	EXCELLENT	POS	n. 阿比斯库(在瑞典；东经 18&#186;50' 北纬 68&#186;21')	13603
aleichem	n. 阿萨赫姆，萨罗姆((1859-1916) 俄裔犹太幽默作家，其原用意第绪语写成的故事和剧本是音乐剧 的剧本 )	EXCELLENT	POS	n. 阿莱赫姆	35486
amherstdale	n. 阿默斯特代尔 ( 美 )	EXCELLENT	POS	n. 阿默斯特代尔(在美国；西经 81&#186;49' 北纬 37&#186;48')	18282
amygdala	n. 杏仁之类；桃子之类；n. [解] 扁桃腺	EXCELLENT	POS	n. 杏仁之类；桃子之类|n. [解] 扁桃腺	411549
anabasis	n. 前进； 军事远征，进军	EXCELLENT	POS	n. 进军；侵入；远征	18829
anglesey	n. 安格尔西岛（英国威尔士西北部一岛）	EXCELLENT	POS	n. 安格西岛	680428
apercu	n. 摘要； 概览； 一瞥； 洞悉	EXCELLENT	POS	n. 概要	28088
aporia	n. 困惑；窘迫；难题；难点	EXCELLENT	POS	n. 困惑；难题	27609
arcachon	n. [法国] 阿卡雄	EXCELLENT	POS	n. 阿卡雄(在法国；西经 1&#186;11' 北纬 44&#186;40')	80220
arlette	n. [电影]真假姻缘	EXCELLENT	POS	n. 阿莱特	50977
articulator	n. 发音之人或物；发音纠正器；接骨的人	EXCELLENT	POS	n. 发音者；发音器官	36880
atascadero	n. [美国] 阿塔斯卡德罗	EXCELLENT	POS	n. 阿塔斯卡德罗(在美国；西经 120&#186;4' 北纬 35&#186;29')	231272
athabaskan	n. 阿萨巴斯卡语系(北美)；阿萨巴斯卡人	EXCELLENT	POS	n. 阿萨巴斯卡语系(北美)；阿萨巴斯卡人|=Athabascan； Athapascan； Athapaskan.	22405
authorities	n. 当局；官方；名词authority的复数形式.	EXCELLENT	POS	n. 当局；官方|名词authority的复数形式.	23252750
avon	n. 埃文河（英国中部一河）；n. 雅芳（化妆品品牌）	EXCELLENT	POS	n. 埃文河（英国中部一河）|n. 雅芳（化妆品品牌）	6237273
backlist	n. 库存书籍目录；重版书；存书	EXCELLENT	POS	n. 库存书籍目录	109768
baden	n. 巴登（西德省名）；[纺] 巴登亚麻平布	EXCELLENT	POS	n. 巴登(德国西南部的一个历史行政区)	1490601
baeza	n. [厄瓜多尔、西班牙] 巴埃萨	EXCELLENT	POS	n. 巴埃萨(在厄瓜多尔；西经 77&#186;52' 南纬 0&#186;30')	82046
balm	n. 香油；镇痛软膏；香峰草，香树膏	EXCELLENT	POS	n. 香油；药膏	1851587
barde	n. 铠甲(保护或装饰马匹的盔甲)；vt. 给马披铠甲	EXCELLENT	POS	n. 铠甲(保护或装饰马匹的盔甲)|vt. 给马披铠甲	14315
bateson	n. 贝特森，威廉((1861-1926) 英国生物学家，遗传学创始人之一。他以实验证明了孟德尔的遗传原理。并于1900年出版了孟德尔著作最早的英译本)	EXCELLENT	POS	n. 贝特森	139334
beam	vi. 微笑；发光；vt. 播送；发射；用梁支撑；n. 桁条；光线；(光线的)束；(横)梁	EXCELLENT	POS	vi. 微笑；发光|vt. 播送；发射；用梁支撑|n. 桁条；光线；(光线的)束；(横)梁	11827772
beavers	n. 海狸； 獭皮(帽)； 女性生殖器；n. 护面甲；vi. 卖力地工作	EXCELLENT	POS	n.  海狸； 獭皮(帽)； <粗>女性生殖器|n.  护面甲|vi.  卖力地工作	3848670
bellboy	n. 侍者；饭店里的年轻服务员	EXCELLENT	POS	n. 侍者；饭店里的年轻服务员|=bellhop.	43354
bergen	n. 卑尔根市（位于挪威西南部）	EXCELLENT	POS	n. 卑而根(挪威港口城市)	2971198
bialy	n. 比亚利碎洋葱面包卷	EXCELLENT	POS	n. 面包卷	23321
bindi	n. 人名；(意、刚(布))宾迪	EXCELLENT	POS	n. （印度女性）额前的人工痣	151524
botches	v. 拙笨地修补；糟蹋；n. 拙笨的修补；难看的补缀	EXCELLENT	POS	v. 拙笨地修补；糟蹋|n. 拙笨的修补；难看的补缀	14355
bridgend	n. 布里真德 (英国国会选区)	EXCELLENT	POS	n. 布里真德(在英国；西经 6&#186;16' 北纬 55&#186;48')	506590
broadland	n. [美国] 布罗德兰	EXCELLENT	POS	n. 布罗德兰(在美国；西经 98&#186;20' 北纬 44&#186;30')	53625
burr	n. 粗喉音；毛边；芒刺；v. 粗喉音说；形成毛边；去除毛边	EXCELLENT	POS	n. 粗喉音；毛边；芒刺|v. 粗喉音说；形成毛边；去除毛边|=bur.	1666923
bussed	n. 被传送； 被链接	EXCELLENT	POS	n. 被传送; 被链接	51138
byala	n. 比亚拉 ( 保 )	EXCELLENT	POS	n. 比亚拉(在保加利亚；东经 26&#186;10' 北纬 42&#186;44')	125054
cabezas	n. [玻利维亚、危地马拉] 卡韦萨斯	EXCELLENT	POS	n. 卡韦萨斯(在玻利维亚；西经 63&#186;22' 南纬 18&#186;45')	41557
cajamarca	n. [秘鲁] 卡哈马卡	EXCELLENT	POS	n. 卡哈马卡(在秘鲁；西经 78&#186;32' 南纬 7&#186;09')	42869
camped	n. 野营；帐篷；营地；v. 宿营；露营；扎营	EXCELLENT	POS	n. 野营；帐篷；营地|v. 宿营；露营；扎营	458286
capone	n. 卡波尼（歌手）；卡蓬（美国黑手党老大）	EXCELLENT	POS	n. 卡彭	475441
captures	vt. 捕获；占领；夺取；吸引；(用照片等)留存；n. 捕获；战利品	EXCELLENT	POS	vt. 捕获；占领；夺取；吸引；(用照片等)留存|n. 捕获；战利品	3642295
carpinteria	n. [美国] 卡平特里亚	EXCELLENT	POS	n. 卡平特里亚(在美国；西经 119&#186;31' 北纬 34&#186;25')	222663
castile	n. [常 ]用橄榄油和碱制成的, 卡斯提尔(古代西班牙北部一王国)	EXCELLENT	POS	n. 卡斯提尔(古代西班牙北部一王国)|castile.|n. 用橄榄油和碱制成的	333925
castledermot	n. 卡斯尔德莫特 ( 爱 )	EXCELLENT	POS	n. 卡斯尔德莫特(在爱尔兰共和国；西经 6&#186;50' 北纬 52&#186;55')	30225
centreville	n. [加拿大、美国] 森特维尔	EXCELLENT	POS	n. 森特维尔(在美国；西经 91&#186;05' 北纬 31&#186;05')	432591
chairmen	n. 主席； 领导人； 委员长； 会长	EXCELLENT	POS	n. 主席	714170
cheapskate	n. 守财奴； 吝啬鬼	EXCELLENT	POS	n.  <美俚>守财奴； 吝啬鬼	87192
cheat	vt. 欺骗；骗取；vi. 作弊；行骗；n. 骗子；欺骗	EXCELLENT	POS	vt. 欺骗；骗取|vi. 作弊；行骗|n. 骗子；欺骗	9903572
chetumal	n. 切图马尔 ( 伯 )	EXCELLENT	POS	n. 切图马尔(在伯利兹；西经 88&#186;16' 北纬 18&#186;30')	52205
chondrite	n. [地质] 球粒状陨石	EXCELLENT	POS	n. 球粒状陨石	53879
cinematically	adv. 用电影方式；从电影角度看	EXCELLENT	POS	adv. 用电影方式	22539
circulates	vi. 流通；循环；传播；vt. 使流通，使环流	EXCELLENT	POS	vi. 流通；循环；传播|vt. 使流通，使环流	202831
claverton	n. 克拉弗顿 ( 澳 )	EXCELLENT	POS	n. 克拉弗顿(在澳大利亚；东经 145&#186;55' 南纬 27&#186;24')	20972
clunk	n. 沉闷的金属声；愚蠢乏味的人；v. 发出沉闷声；打击某物（使）发出沉闷声地	EXCELLENT	POS	n. 沉闷的金属声；愚蠢乏味的人|v. 发出沉闷声；打击某物（使）发出沉闷声地	67116
clunking	n. 沉闷的金属声；愚蠢乏味的人；v. 发出沉闷声；打击某物（使）发出沉闷声地	EXCELLENT	POS	n. 沉闷的金属声；愚蠢乏味的人|v. 发出沉闷声；打击某物（使）发出沉闷声地	18552
coefficient	n. [数] 系数；率；协同因素	EXCELLENT	POS	n. 系数	4461240
comminution	n. 粉碎； 细碎； 精研	EXCELLENT	POS	n. 粉碎；复杂骨折	26364
contradict	vt. 反驳；与 ... 矛盾	EXCELLENT	POS	vt. 反驳；与 ... 矛盾	902559
cover	n. 封面；盖子；套子；表面；v. 覆盖；涉及；包含；掩护；给…保险	EXCELLENT	POS	n. 封面；盖子；套子；表面|v. 覆盖；涉及；包含；掩护；给…保险	94501729
cowansville	n. 考恩斯维尔 ( 加 )	EXCELLENT	POS	n. 考恩斯维尔(在加拿大；西经 72&#186;44' 北纬 45&#186;13')	30201
crayons	n. 蜡笔；蜡笔画；v. 以蜡笔作画	EXCELLENT	POS	n. 蜡笔；蜡笔画|v. 以蜡笔作画	696127
crew	n. 全体船员；全体乘务员；(一组)工作人员；划艇队员；v. 当船员；当机务人员	EXCELLENT	POS	n. 全体船员；全体乘务员；(一组)工作人员；划艇队员|v. 当船员；当机务人员	22443877
culled	v. 拣选；剔除；n. 剔除	EXCELLENT	POS	v. 拣选；剔除|n. 剔除	416654
curare	n. 箭毒马鞍子，箭毒（箭毒马鞍子的毒素，南美洲印地安人用以浸制毒箭）	EXCELLENT	POS	n. [植]箭毒马鞍子；箭毒|=curari.	39927
cyprian	n. 塞浦路斯的, 塞浦路斯语的, 塞浦路斯人的, 放荡的	EXCELLENT	POS	n. 妓女；卖淫|Cyprian.|n. 圣西普里安(基督教主教和殉教者)	115114
damian	n. [男子名] 戴米安来源于希腊语，含义是“驯服”	EXCELLENT	POS	n. 达米安	1242944
dawsonville	n. [美国] 道森维尔	EXCELLENT	POS	n. 道森维尔(在美国；西经 84&#186;08' 北纬 34&#186;24')	91240
delcambre	n. [美国] 德尔坎伯	EXCELLENT	POS	n. 德尔坎伯(在美国；西经 91&#186;59' 北纬 29&#186;57')	39527
diest	n. 双注入射极开关晶闸管	EXCELLENT	POS	n. 迪斯特(在比利时；东经 5&#186;03' 北纬 50&#186;58')	62995
disable	v. 使 ... 失去能力	EXCELLENT	POS	v. 使 ... 失去能力	7606571
doll	n. 玩具娃娃；美貌女子；有吸引力的人；v. 打扮	EXCELLENT	POS	n. 玩具娃娃；美貌女子；有吸引力的人|v. 打扮	12047864
dorn	n. 多恩（男子名）	EXCELLENT	POS	n. 多恩	405382
drawbar	n. 列车间的挂钩，牵引车的挂钩； 拉杆	EXCELLENT	POS	n. 列车间的挂钩；牵引车的挂钩	71986
drowsiness	n. 睡意；困倦；假寐	EXCELLENT	POS	n. 睡意	727441
drumheller	n. [加拿大] 德拉姆黑勒	EXCELLENT	POS	n. 德拉姆黑勒(在加拿大；西经 112&#186;42' 北纬 51&#186;28')	201580
drumroll	n. 击鼓；击鼓声.	EXCELLENT	POS	n. 击鼓|击鼓声.	45164
duchess	n. 公爵夫人；女公爵；雍容华贵的妇女；小老板娘	EXCELLENT	POS	n. 公爵夫人；女公爵	905868
dulness	n. 愚蠢；不锐利；模煳；无光泽	EXCELLENT	POS	n. 迟钝(钝度；不活泼；缓慢；黯淡；萧条)	18461
economizer	n. 节约装置；节约者；经济家	EXCELLENT	POS	n. 节约者；节约装置	53679
ellenton	n. [美国] 埃伦顿	EXCELLENT	POS	n. 埃伦顿(在美国；西经 82&#186;30' 北纬 27&#186;32')	117409
enquirer	n. 寻问者；追究者	EXCELLENT	POS	n. 寻问者；追究者|=inquirer.	886566
erdi	n. 埃尔迪 ( 乍 )	EXCELLENT	POS	n. 埃尔迪(在乍得；东经 17&#186;28' 北纬 21&#186;52')	12939
ermelo	n. [荷兰、南非共和国] 埃尔默洛	EXCELLENT	POS	n. 埃尔默洛(在荷兰；东经 5&#186;38' 北纬 52&#186;18')	48750
etiology	n. [病理] 病因学；[基医] 病原学；致病源	EXCELLENT	POS	n. [医]病因学；病源论	2874131
exactitude	n. 正确，精确；严格，规规矩矩	EXCELLENT	POS	n. 正确；严谨	64266
farmville	n. [美国] 法姆维尔	EXCELLENT	POS	n. 法姆维尔(在美国；西经 78&#186;25' 北纬 37&#186;17')	161352
feeler	n. [动] 触角；试探；试探者；厚薄规	EXCELLENT	POS	n. 试探者；试探；触角	97832
ferrisburg	n. 费里斯堡 ( 美 )	EXCELLENT	POS	n. 费里斯堡(在美国；西经 73&#186;15' 北纬 44&#186;13')	48940
florence	n. 弗洛伦斯(女子名)；n. 佛罗伦萨(意大利都市名)	EXCELLENT	POS	n. 弗洛伦斯(女子名)|n. 佛罗伦萨(意大利都市名)	9981320
flusher	n. （阴沟、马路等的）冲扫者	EXCELLENT	POS	n. 冲洗器(净化器)	32053
funabashi	n. （日本城市名，位于千叶县）船桥市	EXCELLENT	POS	n. 船桥(在日本；东经 139&#186;59' 北纬 35&#186;42')	24138
gang	n. 一群；一伙；(歹徒等的)一帮；v. 结成一伙；结伙袭击	EXCELLENT	POS	n. 一群；一伙；(歹徒等的)一帮|v. 结成一伙；结伙袭击	16615190
gayety	n. 快乐； 高兴； 作乐； 花哨	EXCELLENT	POS	n. 愉快；轻快	23932
geddit	n. 懂吗（开玩笑或讽刺的意味）	EXCELLENT	POS	n. 明白吗；懂吗	14365
gehry	n. 人名；(英)格里	EXCELLENT	POS	n. 格里	211525
gerrymander	vt. 为己党利益擅改选区；n. 不公正划分选区	EXCELLENT	POS	vt. 为己党利益擅改选区|n. 不公正划分选区	32625
gibbet	n. 绞架；v. 使当众出丑；把 ... 吊在绞架上；在绞刑架上处以绞刑	EXCELLENT	POS	n. 绞架|v. 使当众出丑；把 ... 吊在绞架上；在绞刑架上处以绞刑	64266
godown	n. 仓库；堆栈（用于亚洲某些国家）	EXCELLENT	POS	n. (东南亚)堆栈；货仓	33718
graduations	n. 毕业典礼（graduation的复数）	EXCELLENT	POS	n. 毕业典礼（graduation的复数）	299094
gueydan	n. [美国] 盖登	EXCELLENT	POS	n. 盖登(在美国；西经 92&#186;30' 北纬 30&#186;01')	21437
guide	n. 向导；导游；指南；指导者；vt. 指导；引导；为 ... 领路；vi. 作导游	EXCELLENT	POS	n. 向导；导游；指南；指导者|vt. 指导；引导；为 ... 领路|vi. 作导游	213378807
gus	n. 格斯（男子名）	EXCELLENT	POS	n. 格斯(男子名；Augustus的昵称)	1795932
haggling	vi. 争论；讨价还价；vt. 乱砍；n. 讨价还价；争论	EXCELLENT	POS	vi. 争论；讨价还价|vt. 乱砍|n. 讨价还价；争论	154032
halogen	n. [化学] 卤素	EXCELLENT	POS	n. 卤素	1797038
hammamet	n. 哈马马特 ( 阿尔及、突 )	EXCELLENT	POS	n. 哈马马特(在突尼斯；东经 10&#186;40' 北纬 36&#186;25')	143866
havens	n. 港口；避难所；v. 安置 ... 于港中；庇护	EXCELLENT	POS	n. 港口；避难所|v. 安置 ... 于港中；庇护	682272
headstart	n. 抢先；提前教育	EXCELLENT	POS	n. 抢先	174549
herds	n. 兽群；牧人；群；vt. 放牧；群集；使 ... 成群，把…赶到一起；vi. 聚在一起	EXCELLENT	POS	n. 兽群；牧人；群|vt. 放牧；群集；使 ... 成群，把…赶到一起|vi. 聚在一起	889724
heterozygote	n. 杂合子；异形合子；[遗] 异质接合体	EXCELLENT	POS	n. 杂合体；异质接合体；异型接合体	87987
highball	n. 搀了姜汁啤酒(或苏打水)的威士忌(白兰地)；vi. 全速或高速前进	EXCELLENT	POS	n. 搀了姜汁啤酒(或苏打水)的威士忌(白兰地)|vi. 全速或高速前进	163527
hollandaise	n. 蛋黄奶油酸辣酱 ；adj. 荷兰式的	EXCELLENT	POS	n. 蛋黄奶油酸辣酱= hollandaise sauce|adj. 荷兰式的	100925
homomorphism	n. [数] 同态，同形；异质同形	EXCELLENT	POS	n. 同态；同形	281938
housatonic	n. [美国] 胡萨托尼克	EXCELLENT	POS	n. 胡萨托尼克(在美国；西经 73&#186;22' 北纬 42&#186;15')	141916
hundredfold	adj. 百倍的；adv. 百倍地；n. 百倍；百重	EXCELLENT	POS	adj. 百倍的|adv. 百倍地|n. 百倍；百重	39881
hurd	n. 胡日德乐队；赫德（男子名）	EXCELLENT	POS	n. 赫德	1106502
hyacinth	n. 风信子；[宝] 红锆石；紫蓝色	EXCELLENT	POS	n. 风信子；红锆石；青玉	407411
hyundai	n. 现代（公司名, 韩国最大汽车企业）	EXCELLENT	POS	n. 现代(韩国汽车品牌名)	6025312
incontestable	adj. 无可争辩的；无可置疑的，不可否认的；明确的	EXCELLENT	POS	adj. 无可争辩的；毋庸置疑的	50546
independent	adj. 独立的；自主的；独自的；无偏见的；n. 无党派者；独立派人士	EXCELLENT	POS	adj. 独立的；自主的；独自的；无偏见的|n. 无党派者；独立派人士	64169624
indeterminacy	n. 不确定；[数] 不确定性	EXCELLENT	POS	n. 不确定性	147402
internode	n. [生物] 节间；（神经纤维内部的）[生物] 节间	EXCELLENT	POS	n. 节间(波腹)	145966
interstices	n. 空隙；名词interstice的复数形式.	EXCELLENT	POS	n. 空隙|名词interstice的复数形式.	48370
intervene	vi. 干涉；干预；介入；调停；插入；阻挠	EXCELLENT	POS	vi. 干涉；干预；介入；调停；插入；阻挠	1650973
involuntary	adj. 无意识的；自然而然的；不知不觉的	EXCELLENT	POS	adj. 非自愿的；无意的；不由自主的	1284621
ischemia	n. [内科] 局部缺血	EXCELLENT	POS	n. 局部贫血	862690
jewett	n. ( 1849-1909；美国乡土文学女作家) 朱厄特	EXCELLENT	POS	n. (Sarah Orne 1849-1909；美国乡土文学女作家) 朱厄特	421962
jihad	n. 讨伐异教徒；拥护运动；护教战争	EXCELLENT	POS	n. 圣战；讨伐异教徒；拥护运动	2048833
joyride	n. 驾车游玩(尤指驾偷来之车高速飞驰)；不顾后果的行为；vi. 驾车兜风	EXCELLENT	POS	n. 驾车游玩(尤指驾偷来之车高速飞驰)；不顾后果的行为|vi. 驾车兜风	172436
kameda	n. [日本] 龟田	EXCELLENT	POS	n. 龟田(在日本；东经 140&#186;36' 北纬 41&#186;46')	24177
kettle	n. 壶；[化工] 釜；罐；鼓	EXCELLENT	POS	n. 水壶；坑穴	2341770
knocker	n. 门环；敲击者；吹毛求疵的人	EXCELLENT	POS	n. 敲击者；敲门者；门环；挑剔的人|(复）knockers: <俚>乳房	221120
kuomintang	n. (中国)国民党	EXCELLENT	POS	n. 国民党	80191
league	n. 种类；社团；联盟；同盟；里格（长度单位，约为3英里或3海里）；v. （使）结盟	EXCELLENT	POS	n. 种类；社团；联盟；同盟；里格（长度单位，约为3英里或3海里）|v. （使）结盟	41109010
lemoore	n. [美国] 勒莫尔	EXCELLENT	POS	n. 勒莫尔(在美国；西经 119&#186;49' 北纬 36&#186;17')	173333
lestrade	n. 莱斯特雷德； [地名] [法国] 莱斯特拉德	EXCELLENT	POS	n. 莱斯特雷德	40244
lifework	n. 毕生的事业；一生的工作	EXCELLENT	POS	n. 毕生的工作(终身一事业)	15358
liquidator	n. 清算人；公司资产清理人	EXCELLENT	POS	n. 清算人	381444
llangollen	n. 兰戈伦 ( 英 )	EXCELLENT	POS	n. 兰戈伦(在英国；西经 3&#186;10' 北纬 52&#186;58')	177709
longville	n. 朗维尔 ( 美 )	EXCELLENT	POS	n. 朗维尔(在美国；西经 93&#186;15' 北纬 30&#186;35')	68334
loquat	n. 枇杷；[园艺] 枇杷树	EXCELLENT	POS	n. 枇杷	44121
lydia	n. 吕底亚（小亚细亚西部的富裕古国）；莉蒂亚（女子名）	EXCELLENT	POS	n. 莉迪亚(女子名)|n. 小亚细亚西部的富裕古国	2055299
mace	n. 钉头槌；狼牙棒；权杖；执权标者；v. 向 ... 喷射梅斯毒气	EXCELLENT	POS	n. 钉头槌；狼牙棒；权杖；执权标者|v. 向 ... 喷射梅斯毒气	1294167
marcellus	n. 马塞勒斯（男子名）	EXCELLENT	POS	n. 马赛拉斯	310564
marinade	n. 腌泡汁；vt. 腌泡	EXCELLENT	POS	n. 腌泡汁|vt. 腌泡	602864
masturbate	v. (对 ... )进行手淫	EXCELLENT	POS	v.  (对 ... )进行手淫	1311597
mataranka	n. 马塔兰卡 ( 澳 )	EXCELLENT	POS	n. 马塔兰卡(在澳大利亚；东经 133&#186;07' 南纬 14&#186;56')	17383
maywood	n. [美国] 梅伍德	EXCELLENT	POS	n. 梅伍德(在美国；西经 118&#186;11' 北纬 33&#186;59')	415662
mcmurphy	n. [加拿大] 麦克墨菲	EXCELLENT	POS	n. 麦克墨菲(在加拿大；西经 119&#186;25' 北纬 51&#186;40')	46958
megawatt	n. 兆瓦特，百万瓦特	EXCELLENT	POS	n. [电]百万瓦特	288294
meltwater	n. 冰雪融化成的水；熔融液	EXCELLENT	POS	n. 融水	46240
micromeritics	n. [复]n.[用作单][冶]微晶(粒)学, 粉末工艺学	EXCELLENT	POS	n. 微粒学(微标准学)	29960
milage	n. 英里数； 里程； 利益； 好处	EXCELLENT	POS	n.  英里数； 里程； <口>利益； 好处|=mileage	152370
millimeters	n. 毫米（millimeter的复数形式）	EXCELLENT	POS	n. 毫米（millimeter的复数形式）	668987
millirem	n. [核]毫雷姆(=1/1000雷姆；略作	EXCELLENT	POS	n. [核]毫雷姆(=1/1000雷姆；略作mrem)	30720
miniaturization	n. 小型化，微型化	EXCELLENT	POS	n. 小型化	143394
monywa	n. 蒙育瓦(望濑) ( 缅 )	EXCELLENT	POS	n. 蒙育瓦(望濑)(在缅甸；东经 95&#186;12' 北纬 22&#186;05')	18044
mugen	n. 无限（本田旗下汽车改装公司）；2D格斗游戏系统	EXCELLENT	POS	n. 无限(来源于日语)	232475
munfordville	n. [美国] 曼福德维尔	EXCELLENT	POS	n. 曼福德维尔(在美国；西经 85&#186;55' 北纬 37&#186;17')	28391
narc	n. 缉查麻药的刑警	EXCELLENT	POS	n.  <俚>缉查麻药的刑警|=nark	225597
noneconomic	adj. 非经济的；无实用价值的.	EXCELLENT	POS	adj. 非经济的|无实用价值的.	71421
norlina	n. [美国] 诺莱纳	EXCELLENT	POS	n. 诺莱纳(在美国；西经 78&#186;13' 北纬 36&#186;27')	18793
norte	n. 北方；北部；北风	EXCELLENT	POS	n. [气]北风	1168018
notoriously	adv. 众所周知地；声名狼藉地；恶名昭彰地	EXCELLENT	POS	adv. 臭名昭著地；众所周知地	592582
nystagmus	n. [眼科] 眼球震颤	EXCELLENT	POS	n. 眼球震颤	132963
oberon	n. 奥伯龙(民间传说的仙王), 天卫四	EXCELLENT	POS	n. Titania 之夫；天王星之第四卫星	511914
odense	n. 欧登塞[丹麦菲英岛北部港市]	EXCELLENT	POS	n. 欧登塞	262463
onset	n. 开始，着手；发作；攻击，进攻	EXCELLENT	POS	n. 攻击；进攻；开始	3858839
orchid	n. 兰花；[植] 兰科植物；淡紫色	EXCELLENT	POS	n. 兰花；淡紫色	3946535
osuna	n. [西班牙] 奥苏纳	EXCELLENT	POS	n. 奥苏纳(在西班牙；西经 5&#186;06' 北纬 37&#186;14')	75925
outlawing	n. 被剥夺法律保护的人；逃犯；反叛者；v. 使 ... 失去法律保护；将 ... 逐出社会；宣告非法	EXCELLENT	POS	n. 被剥夺法律保护的人；逃犯；反叛者|v. 使 ... 失去法律保护；将 ... 逐出社会；宣告非法	148393
participates	vi. 参加；参与；vt. 分享	EXCELLENT	POS	vi. 参加；参与|vt. 分享	1841017
passport	n. 护照，通行证；手段	EXCELLENT	POS	n. 护照；手段	9170570
pewaukee	n. [美国] 皮沃基	EXCELLENT	POS	n. 皮沃基(在美国；西经 88&#186;15' 北纬 43&#186;04')	148274
photoconductivity	n. 光电导性（率）； 光导电性	EXCELLENT	POS	n. 光电导性	16376
pinafore	n. 宾纳福号（船只）	EXCELLENT	POS	n. 围裙	130596
pine	n. 松树；松木；vi. 消瘦；渴望	EXCELLENT	POS	n. 松树；松木|vi. 消瘦；渴望	13842664
pirouette	n. (舞蹈)脚尖立地的旋转；vi. 用脚尖旋转	EXCELLENT	POS	n. (舞蹈)脚尖立地的旋转|vi. 用脚尖旋转	72613
pissing	vi. 撒尿；使厌烦；走开；vt. 使生气；n. 尿；小便	EXCELLENT	POS	vi. <非正式>撒尿；使厌烦；走开|vt. 使生气|n. 尿；小便	12005503
plainer	n. 人名；(德、捷)普莱纳	EXCELLENT	POS	n. 抱怨者|=complainer.	64567
plunged	v. 使投入；跳入；栽进；下降，急降，突降；n. 投入；跳入	EXCELLENT	POS	v. 使投入；跳入；栽进；下降，急降，突降|n. 投入；跳入	774276
polystyrene	n. [高分子] 聚苯乙烯	EXCELLENT	POS	n. 聚苯乙烯	677128
pore	n. 毛孔；小孔；v. 熟读；钻研；沉思	EXCELLENT	POS	n. 毛孔；小孔|v. 熟读；钻研；沉思	1288093
poring	n. 毛孔；小孔；v. 熟读；钻研；沉思	EXCELLENT	POS	n. 毛孔；小孔|v. 熟读；钻研；沉思	102635
postdoctoral	adj. 博士后的；博士学位取得后的	EXCELLENT	POS	adj. 博士后的	1380688
preparative	adj. 准备的；预备的；n. 预备；准备	EXCELLENT	POS	adj. 准备的；预备的|n. 预备；准备	121825
preponderance	n. 优势；多数；占优势	EXCELLENT	POS	n. 优势；多数	513239
president	n. (国家)总统；(公司)总裁；校长；总经理；社长	EXCELLENT	POS	n. (国家)总统；(公司)总裁；校长；总经理；社长	113756376
propositional	adj. 命题的；建议的	EXCELLENT	POS	adj. 命题的	450145
pump	n. 泵；抽水机；打气筒；抽水；打气；v. 打气；唧筒般运动；灌输；抽取；增加；盘问	EXCELLENT	POS	n. 泵；抽水机；打气筒；抽水；打气|v. 打气；唧筒般运动；灌输；抽取；增加；<口>盘问	18643932
quicksilver	n.；adj. 水银；汞；快银（漫威漫画旗下超级英雄）	EXCELLENT	POS	n. 水银；汞|adj. 极快的；反复无常的	808862
ragazza	n. 女孩； 女郎(中等阶层的)	EXCELLENT	POS	n.  <意>女孩； 女郎(中等阶层的)	163812
reattachment	n. 重附着，回贴； 再附着	EXCELLENT	POS	n. 重附着	25202
recessional	adj.；n. （礼拜仪式后牧师及唱诗班退场时所唱的）退场赞美诗	EXCELLENT	POS	adj. 后退的；议会休会的|n. 退场的赞美歌	44184
reclusion	n. 隐居遁世，隐居生活； 隐退	EXCELLENT	POS	n. 隐遁；隐遁生活	21371
regretting	v. 后悔；惋惜；为 ... 感到遗憾；n. 遗憾；抱歉；后悔	EXCELLENT	POS	v. 后悔；惋惜；为 ... 感到遗憾|n. 遗憾；抱歉；后悔	144069
representation	n. 陈述；表现；表示法	EXCELLENT	POS	n. 陈述；表现；表示法	18650172
repulse	n. 击退；拒绝；v. 击退；拒绝	EXCELLENT	POS	n. 击退；拒绝|v. 击退；拒绝	129882
retransfer	n. 重新传送；v. 再转移；转移到原状	EXCELLENT	POS	n. 重新传送|v. 再转移；转移到原状	13063
ringside	n. 拳击场；马戏团；比赛场的前缘	EXCELLENT	POS	n. 马戏团；拳击场	227980
roosendaal	n. 罗森达尔 ( 荷 )	EXCELLENT	POS	n. 罗森达尔(在荷兰；东经 4&#186;28' 北纬 51&#186;32')	59520
safeness	n. [表]安全，保险，平安，没受伤，无损，无害，谨慎，稳健，一定，稳定，可靠	EXCELLENT	POS	n. 安全性	13472
salena	n. 【女名】女子名	EXCELLENT	POS	n. 萨丽娜	40217
schmooze	v. 闲谈；n. 闲谈	EXCELLENT	POS	v. 闲谈|n. 闲谈	62246
scorch	v. （使）烧焦；变焦；（使）枯萎；n. 烧焦	EXCELLENT	POS	v. （使）烧焦；变焦；（使）枯萎|n. 烧焦	212879
screech	v. 尖叫；发出尖锐的声音；n. 尖利刺耳的声音	EXCELLENT	POS	v. 尖叫；发出尖锐的声音|n. 尖利刺耳的声音	264240
serviceability	n. 可用性，适用性；使用可靠性；[计] 可服务性；可维修性	EXCELLENT	POS	n. 使用能力(操作性能；耐用性；维护保养方便性)	260182
sharpen	vt. 使尖锐；磨快；加剧；vi. 变尖锐	EXCELLENT	POS	vt. 使尖锐；磨快；加剧|vi. 变尖锐	776397
sharpie	n. 狡猾的人；骗子；单桅三角帆平底帆船	EXCELLENT	POS	n. 狡猾的人；单桅三角帆平底帆船|=sharpy.	323182
sickness	n. 疾病；呕吐；弊病	EXCELLENT	POS	n. 疾病；呕吐	3323415
sirohi	n. 锡罗希 ( 印 )	EXCELLENT	POS	n. 锡罗希(在印度；东经 72&#186;58' 北纬 25&#186;53')	12770
solemnity	n. 严肃；庄严；一本正经	EXCELLENT	POS	n. 庄严；庄重的仪式	181832
sorrow	n. 悲伤；悲痛；懊悔；伤心事；vi. 悲伤；惋惜；悔恨	EXCELLENT	POS	n. 悲伤；悲痛；懊悔；伤心事|vi. 悲伤；惋惜；悔恨	2722640
sponsoring	n. 保证人；赞助者；发起者；主办者；v. 发起；赞助；倡议	EXCELLENT	POS	n. 保证人；赞助者；发起者；主办者|v. 发起；赞助；倡议	2989475
squashed	n. 壁球；摺皱不堪；拥挤嘈杂的人群；浓缩果汁；美国南瓜；vt. 压制；压扁；vi. 变扁；挤进	EXCELLENT	POS	n. 壁球；摺皱不堪；拥挤嘈杂的人群；浓缩果汁；美国南瓜|vt. 压制；压扁|vi. 变扁；挤进	294415
squawk	n. 叫声；嘈杂的抱怨；v. 呱呱地叫鸣；喋喋不休地发牢骚	EXCELLENT	POS	n. 叫声；嘈杂的抱怨|v. 呱呱地叫鸣；喋喋不休地发牢骚	121689
stake	n. 桩；赌注；利害关系；v. 用桩支撑；下注	EXCELLENT	POS	n. 桩；赌注；利害关系|v. 用桩支撑；下注	5061965
stepping	n. 步进；改变；分级；通过透镜天线后波前的取平	EXCELLENT	POS	n. 步进(通过透镜天线后波前的取平；改变)	3348507
stereospecific	adj. 有规立构的，立体定向的，立体专一的	EXCELLENT	POS	adj. 立体有择的	27913
stereotypical	n. 模式化观念；典型；老一套；铅版；v. 对…形成模式化的看法；使用铅版	EXCELLENT	POS	n. 模式化观念；典型；老一套；铅版|v. 对…形成模式化的看法；使用铅版	440561
surfer	n. 冲浪运动员，乘冲浪板冲浪的人	EXCELLENT	POS	n. 冲浪者	1837185
susteren	n. [荷兰] 叙斯特伦	EXCELLENT	POS	n. 叙斯特伦(在荷兰；东经 5&#186;50' 北纬 51&#186;04')	54949
swinger	n. 摆动的人；赶时髦的人；乱搞男女关系的人；巨大的事物	EXCELLENT	POS	n. 赶时髦的人	2941608
synch	n. 同时； 同步；v. 同时发生	EXCELLENT	POS	n.  <非正式> 同时； 同步|v.  同时发生|=sync	603920
tally	n. 帐；记分；一致；标签；vt. 计算；记录；使一致；vi. 计算；记分；一致	EXCELLENT	POS	n. 帐；记分；一致；标签|vt. 计算；记录；使一致|vi. 计算；记分；一致	1812605
tautological	adj. 赘述的；同义反复的；类语叠用的	EXCELLENT	POS	adj. 重复的；赘述的	45700
taxed	n. 税；负担；v. 斥责；课税；使 ... 负重荷	EXCELLENT	POS	n. 税；负担|v. 斥责；课税；使 ... 负重荷	1537786
technocrat	n. 技术统治论者；专家政治论者；技术统治	EXCELLENT	POS	n. 技术人员；技术专家政治论者	47720
thrombospondin	n. [化] 糖蛋白G； 凝血酶致敏蛋白	EXCELLENT	POS	n. 血小板反应蛋白	58040
timekeeper	n. 计时员；钟表；工作时间记录员	EXCELLENT	POS	n. 计时员；计时装置	210441
transsexuality	n.；adj. 易性癖；改变性别；性欲错乱	EXCELLENT	POS	n. 有异性转化欲者；变性者|adj. 变性的|=transexual.	15340
tutored	n. 家庭教师；导师；v. 指导；当家庭教师；当导师	EXCELLENT	POS	n. 家庭教师；导师|v. 指导；当家庭教师；当导师	151444
tyler	n. 泰勒（男子名）；秘密会所看守人（共济会的）	EXCELLENT	POS	n. 泰勒(男子名）	7474964
uncle	n. 叔叔；伯父；伯伯；舅父；姨丈；姑父	EXCELLENT	POS	n. 伯；姑父；舅；叔；姨父	8127694
unimpeachable	adj. 无可指责的；无可怀疑的；无懈可击的；无过失的，无罪的	EXCELLENT	POS	adj. 无懈可击的；无可指责的；可靠的	52419
unthought	v. 不想(对 ... 改变想法)	EXCELLENT	POS	v.  不想(对 ... 改变想法)	17794
update	v. 更新；升级；n. 更新	EXCELLENT	POS	v. 更新；升级|n. 更新	100765188
uprise	n. 升起；上坡；起义；出现；v. 起床；上升；提高；膨胀	EXCELLENT	POS	n. 升起；上坡；起义；出现|v. 起床；上升；提高；膨胀	28850
valet	n. 贴身男仆；（照顾客人私人衣物的）服务员；衣架；vt. 服侍，伺候	EXCELLENT	POS	n. 贴身男仆；（照顾客人私人衣物的）服务员；<美>衣架|vt. 服侍，伺候	2052690
varactor	n. 变容二极管； 可变电抗器	EXCELLENT	POS	n. 变容二极管; 可变电抗器	31031
vermont	n. 佛蒙特（美国州名）	EXCELLENT	POS	n. 佛蒙特（美国州名）	19895227
vintner	n. 葡萄酒商；酿造葡萄酒的人	EXCELLENT	POS	n. 酒商；酿酒者	88409
waterwheel	n. 水车；水轮；吊水机	EXCELLENT	POS	n. 水轮(水车)	46406
wei	n. 魏（姓氏）；魏（朝代）；渭河	EXCELLENT	POS	n. 渭河|n. 魏朝（中国历史朝代之一）	2092089
wickenburg	n. [美国] 威肯堡	EXCELLENT	POS	n. 威肯堡(在美国；西经 112&#186;44' 北纬 33&#186;59')	127800
wireline	n. 钢丝绳；钢缆；铠装电缆；测井电缆	EXCELLENT	POS	n. 有线线路	571289
worshipped	n. 崇拜；爱慕；做礼拜；vi. 做礼拜；vt. 崇拜；爱慕	EXCELLENT	POS	n. 崇拜；爱慕；做礼拜|vi. 做礼拜|vt. 崇拜；爱慕	638710
wrap	v. 包；裹；覆盖；隐藏；n. 围巾；披肩；包装材料	EXCELLENT	POS	v. 包；裹；覆盖；隐藏|n. 围巾；披肩；包装材料	11871928
wrinkles	n. 皱纹；方法；vt. 使起皱纹；皱着；vi. 起皱	EXCELLENT	POS	n. 皱纹；方法|vt. 使起皱纹；皱着|vi. 起皱	1235825
yaps	v. 狂吠；唠叨；吵嚷；n. 狂吠；废话；粗汉	EXCELLENT	POS	v. 狂吠；唠叨；吵嚷|n. 狂吠；废话；粗汉	23699
yonezawa	n. [日本] 米泽	EXCELLENT	POS	n. 米泽(在日本；东经 140&#186;06' 北纬 37&#186;56')	36854
API	应用程序接口	FAIR	brief (6 chars)		0
DJ	唱片骑师	FAIR	brief (4 chars)		0
Downloadable content	可下载内容	FAIR	brief (5 chars)		0
Graphical User Interface	图形用户界面	FAIR	brief (6 chars)		0
Integrated Circuit	集成电路	FAIR	brief (4 chars)		0
adcom	航天防御司令部	FAIR	brief (7 chars)	=Aerospace Defense Command 航天防御司令部([美]USAF)	128755
agritourism	农业旅游	FAIR	brief (4 chars)	ph. 农业旅游	69049
airfares	机票价格	FAIR	brief (4 chars)		0
airside	机场侧边，机场	FAIR	brief (7 chars)	机场周边活动区	79190
azolla	[农]绿萍	FAIR	brief (5 chars)	满江红	19628
baileys	百利酒，比利酒	FAIR	brief (7 chars)	比利酒	224811
biblio	[刷]书志目录	FAIR	brief (7 chars)	书志目录	1026813
bicester	n. 比斯特	FAIR	brief (6 chars)	n. 比斯特	241954
biodegrade	v. 生物降解	FAIR	brief (7 chars)	v. 生物降解	23094
calculator	n. 计算器	FAIR	brief (6 chars)	n. 计算器	20664690
caryatid	[建] 女像柱	FAIR	brief (7 chars)		0
ccad	慢性冷凝集素病	FAIR	brief (7 chars)	(=chronic cold agglutinin disease) 慢性冷凝集素病	28500
chequered	方格图案的	FAIR	brief (5 chars)		0
claus	n. 克劳斯	FAIR	brief (6 chars)	n. 克劳斯(人名)	2528018
doornail	门钉，大头钉子	FAIR	brief (7 chars)		0
encyclopaedia	百科全书	FAIR	brief (4 chars)		0
esthetician	n. 美学家	FAIR	brief (6 chars)	n. 美学家；美容师|=aesthetician.	100379
fide	[体]国际棋联	FAIR	brief (7 chars)	Fédération Internationdle deschecs (French-International Chess Federation) (法语)国际象棋联盟	1378595
fnz	氟硝安定	FAIR	brief (4 chars)	(=flunitrazepam) 氟硝安定	13132
gemella	兼性双球菌	FAIR	brief (5 chars)	兼性双球菌(属)	14486
honeyguide	[医]响蜜列	FAIR	brief (6 chars)	响蜜列	27920
how-to	操作指南	FAIR	brief (4 chars)		0
hypermethylation	[医]超甲基化	FAIR	brief (7 chars)	超甲基化	23595
ickes	伊克斯（姓氏）	FAIR	brief (7 chars)	伊克斯(姓氏)	82384
ideas	工业设计优秀奖	FAIR	brief (7 chars)	观念	67309657
ironbark	[林] 铁皮木	FAIR	brief (7 chars)	铁皮木	51293
iws	内陆航道局	FAIR	brief (5 chars)	Inland Waterway Service 内陆排水服务	210543
krystyna	【女名】女子名	FAIR	brief (7 chars)	克里斯蒂纳	55054
logocentric	以理性为中心的	FAIR	brief (7 chars)		0
msgbuf	n. 消息缓冲	FAIR	brief (7 chars)	n. 消息缓冲(message buffer的缩写)	20791
muac	上臂中部臂围	FAIR	brief (6 chars)	(=mid-upper arm circumference) 上臂中部臂围	15253
nscs	国家安全委员会	FAIR	brief (7 chars)	Navy Supply Corps School,海军军需兵学校	45443
nucleosynthesis	[天] 核合成	FAIR	brief (7 chars)	核合成	90236
oscc	绵羊鳞状细胞癌	FAIR	brief (7 chars)	(=ovine squamous-cell carcinoma) 绵羊鳞状细胞癌	20866
platycodon	[医]桔梗属	FAIR	brief (6 chars)	桔梗属	14657
qiao	桥（汉语拼音）	FAIR	brief (7 chars)	翘	141606
rotherham	n. 罗瑟勒姆	FAIR	brief (7 chars)	n. 罗塞蓝	884406
shakyamuni	释迦牟尼	FAIR	brief (4 chars)	释迦摩尼	68860
smilies	笑脸表情	FAIR	brief (4 chars)		0
supraclavicular	锁骨上的	FAIR	brief (4 chars)	销骨上的	18640
timur	n. 帖木儿	FAIR	brief (6 chars)	n. 帖木儿	203060
traveller	n. 旅行者	FAIR	brief (6 chars)	n. 旅行者|=traveler(美).	5928308
unsayable	不可说出的	FAIR	brief (5 chars)		0
upskirt	裙底偷拍	FAIR	brief (4 chars)		0
wolinella	类杆菌属	FAIR	brief (4 chars)	拟杆菌科的一个属	17262
AA	戒酒互助会；文科副学士	GOOD	length 11, cjk 10		0
Quick UDP Internet Connections	快速UDP网络连接	GOOD	length 9, cjk 6		0
abridgement	节略，缩写；减少	GOOD	length 8, cjk 6		0
adamu	人名；(意、埃塞、尼日利)阿达穆	GOOD	length 16, cjk 11	阿达穆	26043
akala	生于夏威夷的一种灌木或攀藤	GOOD	length 13, cjk 13	攀藤	32797
amidah	犹太教的一种礼拜仪式	GOOD	length 10, cjk 10	礼拜仪式	21215
asif	阿西夫（男子名）	GOOD	length 8, cjk 6	(=Association for the Study of Internal Fixation) 内固定研究协会	199241
asmodeus	(犹太神话中的)恶魔, 魔王	GOOD	length 14, cjk 10	恶魔,魔王	38361
baffin	巴芬岛（加拿大东北部的一个海岛）	GOOD	length 16, cjk 14	巴芬	221512
benrus	贝罗斯牌手表(瑞士)	GOOD	length 10, cjk 8	贝罗斯牌手表	15802
biocatalysis	生物触媒[作用], 生物催化[作用]	GOOD	length 18, cjk 12	生物催化,生物催化酌	43563
brickmason	砌砖工人,泥水匠	GOOD	length 8, cjk 7	砌砖工人,砌砖工	16602
buea	布埃亚[喀麦隆西部城市]	GOOD	length 12, cjk 10	布埃亚	28442
calcasieu	位于路易斯安那西南部的加尔卡修湖或者加尔卡修人海口,在那里湖水流入到墨西哥海湾	GOOD	length 39, cjk 38	Calcasieu Lake or Calcasieu Pass in southwestern Louisiana where the lake waters flow into the Gulf of Mexico 位于路易斯安那西南部的加尔卡修湖或者加尔卡修人海口,在那里湖水流入到墨西哥海湾	168099
caped	带披肩的；披斗篷的	GOOD	length 9, cjk 8	a. 披斗篷的	85551
caspase	[医]半胱天冬酶	GOOD	length 8, cjk 6	半胱天冬酶	524776
citified	都市风尚的；有都市气概的	GOOD	length 12, cjk 11		0
clonazepam	[化] 氯硝西泮	GOOD	length 8, cjk 5	氯硝西泮	822152
competitions	比赛，[生态] 竞争	GOOD	length 10, cjk 6	竞赛	8912029
coolgardie	保冷食柜(以浸水黄麻布为内壁, 澳大利亚家庭多用)	GOOD	length 25, cjk 21	safe 保冷食柜(以浸水黄麻布为内壁, 澳大利亚家庭多用)	46762
coroutine	[计] 协同程序, 联立程序, 共行程序	GOOD	length 20, cjk 13	[计算机] 协同程序	26176
crapshoot	n. 有风险的事业	GOOD	length 9, cjk 6	n.  <美口>有风险的事业	25368
cscp	加拿大临床灌注学会； 民用服务计算机化计划； 基督教科学派出版委员会； 小型单芯片封装	GOOD	length 43, cjk 37	Computerized Supervision and Control System 计算机化监督控制系统	15244
cusk	n. 鳕鱼的一种	GOOD	length 8, cjk 5	n. 单鳍鲟	24095
cxm	头孢氨呋肟,呋肟头孢菌素	GOOD	length 12, cjk 11	(=cefuroxime) 头孢氨呋肟, 呋肟头孢菌素	85567
dang	人名；(印、德、印尼)丹格	GOOD	length 13, cjk 8	[俚]=damn	1126793
dermis	n. 皮肤，真皮	GOOD	length 8, cjk 4	n. 真皮	186285
doncaster	唐卡斯特（城市名）	GOOD	length 9, cjk 7	唐克斯特	1803298
fulton	富尔顿(姓氏)；富尔敦（美国密苏里州 所在地，1946年丘吉尔在此发表著名的铁幕演说，冷战遂起）	GOOD	length 48, cjk 36	富尔顿(姓氏)；富尔敦（美国密苏里州 Westminster College 所在地，1946年丘吉尔在此发表著名的铁幕演说，冷战遂起）	3362274
genevieve	n. 吉纳维芙(	GOOD	length 8, cjk 4	n. 吉纳维芙(f	739113
guamanian	关岛的, 关岛人	GOOD	length 8, cjk 6	关岛的,关岛人	64991
haute	人名；(德)豪特；(法)奥特	GOOD	length 14, cjk 8	奥特； adj.；时髦又昂贵的；高级的；流行的	1863024
headscarf	n. 女人的头巾	GOOD	length 8, cjk 5	n. 头巾	86065
heritage	n. 遗产；继承物	GOOD	length 9, cjk 5	n. 遗产；继承物	24558644
hsan	遗传性感觉和自主神经病	GOOD	length 11, cjk 11	hereditary sensory and autonomic neuropathy 遗传性感觉和自主神经病变	17892
ibo	伊博人（尼日利亚居民）；伊博语	GOOD	length 15, cjk 12	=International Broadcasting Organization 国际广播组织	288919
icta	国际热分析联合会； 国际热分析会议； 国际农业技师联盟； 国际印刷技术中心	GOOD	length 37, cjk 31	Imperial College of Tropical Agriculture 皇家热带农业学院	60910
interp	解释程序；翻译机，转换机	GOOD	length 12, cjk 10	interpolation 篡改、插补	412936
laredo	拉雷多（美国得克萨斯州南部城市）	GOOD	length 16, cjk 14	拉雷多[美国得克萨斯州南部城市][源自西班牙城镇名]	1285387
linnet	n. 红雀；朱顶雀	GOOD	length 9, cjk 5	n. 红雀	107514
littleton	利特尔顿（姓氏）	GOOD	length 8, cjk 6	利特尔顿(姓氏)	1381377
llq	左下象限,左下腹部	GOOD	length 9, cjk 8	(=left lower quadrant) 左下象限, 左下腹部	22762
lorenzo	洛伦佐（男子名）	GOOD	length 8, cjk 6	洛伦佐(男子名)	1768575
lssl	生命科学空间实验室	GOOD	length 9, cjk 9	(=Life Sciences Space Laboratory) 生命科学空间实验室	24850
mandingo	曼丁果语；西非洲曼丁果人	GOOD	length 12, cjk 11	曼丁哥人(西非洲黑人民族之一),曼丁哥语	143355
mankato	曼卡托（亚冰期）	GOOD	length 8, cjk 6	曼凯托[美国明尼苏达一城市]	984172
mattie	n. 马蒂； 玛蒂	GOOD	length 9, cjk 4	n. 马蒂; 玛蒂	538409
maximizing	最大化；达到极大值	GOOD	length 9, cjk 8	达到最大值,达到极大值,最大化	2270543
megafauna	[动] 巨型动物	GOOD	length 8, cjk 5	巨型动物群	33589
mesna	[化] 巯乙磺酸钠	GOOD	length 9, cjk 6	巯乙磺酸钠	25065
misname	误称；给…取名不当	GOOD	length 9, cjk 7		0
ncle	全国劳动企业中心	GOOD	length 8, cjk 8	National Center for Labored Enterprises 全国劳动企业中心	18866
nka	[医]不明变态反应	GOOD	length 9, cjk 7	(=no known allergies) 不明变态反应	37596
oenothera	[医]月见草（属）	GOOD	length 9, cjk 5	月见草(属)	57095
persantine	[化] 双嘧达莫； 潘生丁	GOOD	length 13, cjk 8	潘生丁	24582
potassium	n. [化学] 钾	GOOD	length 9, cjk 3	n. 钾	3966709
purism	纯粹派（一个与立体派相抗衡的艺术流派）；纯粹主义；语言纯正主义	GOOD	length 31, cjk 27		0
rnt	氮停留时间； 德国物理学家； X光线学； X光科	GOOD	length 24, cjk 16	(=radioassayable neurotensin) 可放射测定的神经降压素	57333
saltshaker	盐瓶（常见于餐桌上）	GOOD	length 10, cjk 8		0
schwaben	*施瓦本(历史地区) ( 德 )	GOOD	length 16, cjk 8	Swabia的德语名称	23162
temping	打临时工，做临时工作，打零工	GOOD	length 14, cjk 12	substituting 代替	99554
tulsa	塔尔萨（美国俄克拉菏马州东北部城市）	GOOD	length 18, cjk 16	塔尔萨[美国俄克拉菏马州东北部城市]	5463904
tvh	全阴道子宫全切术, 火鸡病毒性肝炎	GOOD	length 17, cjk 15	(=total vaginal hysterectomy) 全阴道子宫全切术,(=turkey virus hepatitis) 火鸡病毒性肝炎	22253
unchaperoned	无年长妇女陪伴的（少女）	GOOD	length 12, cjk 10		0
underachiever	后进生；学校学习成绩低于智商的学生	GOOD	length 17, cjk 16	学习落后的学生，差等生	48651
unip	联合独立党； 联合民族独立党	GOOD	length 14, cjk 12	United Independence Party 联合独立党	33290
unlamented	无人惋惜的；不被哀悼的	GOOD	length 11, cjk 10		0
unos	器官共享联合网络	GOOD	length 8, cjk 8	United Network for Organ Sharing 器官分配联合网	182156
untracked	无足迹的；无路径的；（经济萧条以后）开始回升的	GOOD	length 23, cjk 19	a. 无足迹的|a. 未发现踪迹的	41007
veris	人名；(捷)韦里斯	GOOD	length 9, cjk 6	韦里斯	29096
webgis	际网路地理资讯系统	GOOD	length 9, cjk 9	网络地理信息系统	18791
whf	码头； 同性恋白人女性	GOOD	length 11, cjk 9	(=World Hemophilia Federation) 世界血友病联合会	42581
witchcraft	n. 巫术；魔法	GOOD	length 8, cjk 4	n. 魔法或巫术	1358086
zhejiang	浙江（位于中国东部沿海）	GOOD	length 12, cjk 10	浙江(位于中国东部沿海)	1384568
Esperanto	世界语	POOR	very short translation: '世界语'		0
amen	int. 祈祷的结束语；赞成	POOR	English leftover	int. [基督教]阿门	2400153
annoyed	adj. 恼怒的；气恼的；动词annoy的过去式和过去分词.	POOR	English leftover	adj. 恼怒的；气恼的|动词annoy的过去式和过去分词.	1620937
antitheses	n. 对照；正相反；对比法；名词antithesis的复数形式.	POOR	English leftover	n. 对照；正相反；对比法|名词antithesis的复数形式.	13320
anyhow	adv. 总之；无论如何；不管怎样	POOR	English leftover	adv. 无论如何；不管怎样	1521509
appliances	n. 电气用具；名词appliance的复数形式.	POOR	English leftover	n. 电气用具|名词appliance的复数形式.	23847029
asa	abbr. 美国标准协会；美国声学学会；（英国）广告标准管理局	POOR	English leftover	abbr. 广告标准局(=Advertising Standards Authority)；美国声学学会(=Acoustical Society of America)	3762120
bering	n. 白令(Vitus, 1680-1741, 丹麦航海家, 白令海及白令海峡的发现者)	POOR	English leftover	n. 白令(丹麦航海家、探险家)|n. 白令海峡	520372
blanket	n. 毛毯；覆盖物；排字版；vt. 覆盖；用毯子裹；扑灭；挡风；使包含；adj. 包含所有的；适用于所有情形的	POOR	English leftover	n. 毛毯；覆盖物；排字版|vt. 覆盖；用毯子裹；扑灭；挡风；使包含|adj. 包含所有的；适用于所有情形的	5457762
blindfold	v. 蒙住 ... 的眼睛；n. 蒙眼物；盲目；adj. 被蒙上眼睛的	POOR	English leftover	v. 蒙住 ... 的眼睛|n. 蒙眼物；盲目|adj. 被蒙上眼睛的	283959
bloomed	adj. （玻璃表面的）真空镀膜	POOR	English leftover	adj. 模糊的(无反射的)	117387
breton	adj. 布列塔尼的；布列塔尼人的；布列塔尼语的；n. 布列塔尼人；布列塔尼语	POOR	English leftover	adj. 布列塔尼的；布列塔尼人的；布列塔尼语的|n. 布列塔尼人；布列塔尼语	1285069
cagey	adj. 精明的；小心谨慎的；机灵的；有戒心的	POOR	English leftover	adj. 谨慎的；机灵的；守口如瓶的|=cagy.	66504
condensing	n. 冷凝；动词condense的现在分词形式.	POOR	English leftover	n. 冷凝|动词condense的现在分词形式.	554824
conjugal	adj. 婚姻的；结婚的；夫妻之间的	POOR	English leftover	adj. 婚姻的；夫妻间的	171770
contoured	adj. 波状外形的；动词contour的过去式和过去分词.	POOR	English leftover	adj. 波状外形的|动词contour的过去式和过去分词.	823932
cor	心脏	POOR	very short translation: '心脏'		0
cottager	住在乡下房子的人；佃农（等于cotter，cottier）	POOR	English leftover		0
craving	n. 渴望；热望；动词crave的现在分词.	POOR	English leftover	n. 渴望；热望|动词crave的现在分词.	1344800
crick	n. 痛性痉挛；v. 使痉挛；Crick.；n. 克里克（姓氏）	POOR	English leftover	n. 痛性痉挛|v. 使痉挛|Crick.|n. 克里克（姓氏）	362258
critters	n. 家畜；生物；名词critter的复数形式.	POOR	English leftover	n. 家畜；生物|名词critter的复数形式.	1055985
crushers	n. 压碎器（crusher的复数）	POOR	English leftover	n. 压碎器（crusher的复数）	236297
darkest	adj. 黑暗的；深色的；n. 黑暗；暗处；深色调；v. 使变黑；变黑	POOR	English leftover	adj. 黑暗的；深色的|n. 黑暗；暗处；深色调|v. 使变黑；变黑	1137316
dpt	abbr. 白喉； 部门； 深度； 沉积作用	POOR	English leftover	abbr. 部；科；系；车间；工作间（=department）|abbr. 宣誓证人（=deponent）|abbr. 白喉、百日咳及破伤风混合疫苗(=diptheria；pertussis；tetanus)	665373
dyer	n. 染房；染工；Dyer.；n. 戴尔	POOR	English leftover	n. 染房；染工|Dyer.|n. 戴尔(人名)	1645507
efferent	adj. [医]传出的；n. 传出神经；[医]输出管	POOR	English leftover	adj. [医]传出的|n. 传出神经；[医]输出管	106045
eskimos	n. 爱斯基摩人；爱斯基摩语；adj. 爱斯基摩人的；爱斯基摩语的	POOR	English leftover	n. 爱斯基摩人；爱斯基摩语|adj. 爱斯基摩人的；爱斯基摩语的	238101
evolutive	adj. 发展的； 进化的； 演变的； 演化的	POOR	English leftover	adj. 促进发展的(促进进化的)	28575
exacting	adj. 严格的；吃力的；动词exact的现在分词形式.	POOR	English leftover	adj. 严格的；吃力的|动词exact的现在分词形式.	506966
fat	adj. 肥胖的；多脂肪的；丰满的；n. 脂肪；肥肉；vt. 使变胖	POOR	English leftover	adj. 肥胖的；多脂肪的；丰满的|n. 脂肪；肥肉|vt. 使变胖	48646296
floater	n. 漂浮者；漂浮物；临时工；非法投票人；公司发起人；floaters:眼中线状物.	POOR	English leftover	n. 漂浮者；漂浮物；临时工；非法投票人；公司发起人|(复数)floaters:眼中线状物.	248608
fogy	顽固守旧者；赶不上时代的人（等于fogey）	POOR	English leftover		0
forego	v. 放弃；在……之前；=forgo.	POOR	English leftover	v. 放弃；在……之前|=forgo.	333942
fostering	v. 哺育，养育；抱有（希望），心怀（动词foster的现在分词形式）	POOR	English leftover	v. 哺育，养育；抱有（希望），心怀（动词foster的现在分词形式）	1990009
found	v. 建立；创立；创办；熔铸；找到，发现（动词find的过去式和过去分词）	POOR	English leftover	v. 建立；创立；创办；熔铸；找到，发现（动词find的过去式和过去分词）	232005894
frazzled	adj. 疲惫的；易怒的；穿破了的；动词frazzle的过去式和过去分词形式.	POOR	English leftover	adj. 疲惫的；易怒的；穿破了的|动词frazzle的过去式和过去分词形式.	117529
greco	n. 格列柯(希腊裔西班牙宗教画画家)；pref. 表示“希腊；希腊的”	POOR	English leftover	n. 格列柯(希腊裔西班牙宗教画画家)|pref. 表示“希腊；希腊的”|=Graeco.	873704
hellenic	adj. 希腊的；希腊人的；希腊语的；n. 希腊语族	POOR	English leftover	adj. 希腊的；希腊人的；希腊语的|n. 希腊语族	1343144
hindered	v. 阻碍；打扰；adj. 后面的	POOR	English leftover	v. 阻碍；打扰|adj. 后面的	630375
hirsute	adj. 多毛的；[昆] 有粗毛的	POOR	English leftover	adj. 多毛的	475227
homing	adj. 归巢的；回家的；n. 归巢；回家；动词home的现在分词形式.	POOR	English leftover	adj. 归巢的；回家的|n. 归巢；回家|动词home的现在分词形式.	379320
horoscopes	n. 星座（horoscope的复数）；占星术	POOR	English leftover	n. 星座（horoscope的复数）；占星术	3838456
how's	怎么样	POOR	very short translation: '怎么样'		0
humour	幽默	POOR	too short for word length		0
ig	abbr. 监察主任	POOR	English leftover	abbr. 惯性制导(inertial guidance)|abbr. 总检查员(=inspector general)	3120572
imbecile	n. 心智能力极低的人；adj. 愚蠢的；傻的	POOR	English leftover	n. 心智能力极低的人|adj. 愚蠢的；傻的	102040
incognito	adj. 隐姓埋名的；化名的；adv. 隐姓埋名地；匿名地；n. 隐姓埋名；化名	POOR	English leftover	adj. 隐姓埋名的；化名的|adv. 隐姓埋名地；匿名地|n. 隐姓埋名；化名	396903
inguinal	adj. [解剖][动] 腹股沟的；鼠蹊部的	POOR	English leftover	adj. 腹股沟的	198685
intervals	n. 间隔；间歇；间隙；名词interval的复数形式.	POOR	English leftover	n. 间隔；间歇；间隙|名词interval的复数形式.	5726477
janie	n. [女子名] 詹妮 Jane,Jean,Joan,Joanna等的昵称	POOR	English leftover	n. 贾尼; 贾妮	594023
japanese	n. 日本人；日语；adj. 日本的；日本人的；日语的	POOR	English leftover	n. 日本人；日语|adj. 日本的；日本人的；日语的	52320953
jeering	adj. 嘲弄的；揶揄的；动词jeer的现在分词.	POOR	English leftover	adj. 嘲弄的；揶揄的|动词jeer的现在分词.	50002
jimmie	n. [男子名] 吉米 James的昵称	POOR	English leftover	n. 吉米	1030045
judicious	adj. 明智的；头脑精明的；判断正确的	POOR	English leftover	adj. 明智的；贤明的；审慎的	415295
jute	n. [植]黄麻纤维；Jute.；n. 朱特人（住在日德兰半岛的古代日耳曼部落的人）	POOR	English leftover	n. [植]黄麻纤维|Jute.|n. 朱特人（住在日德兰半岛的古代日耳曼部落的人）	666652
latest	adj. 最近的；最新的；最后的；n. 最迟的时间；最新的潮流；最新消息；形容词late的最高级形式.	POOR	English leftover	adj. 最近的；最新的；最后的|n. 最迟的时间；最新的潮流；最新消息|形容词late的最高级形式.	131952173
laughed	v. 发笑；笑；嘲笑（动词laugh的过去式和过去分词）	POOR	English leftover	v. 发笑；笑；嘲笑（动词laugh的过去式和过去分词）	3904519
leftovers	n. 剩余物；残羹剩菜；名词leftover的复数形式.	POOR	English leftover	n. 剩余物；残羹剩菜|名词leftover的复数形式.	624074
legalize	vt. 使合法化；法律上认为正当；=legalise（英）	POOR	English leftover	vt. 使合法化；法律上认为正当|=legalise（英）	423133
lived	suf.  表示“寿命 ... 长的； 生活 ... 的”；动词live的过去式和过去分词	POOR	English leftover	suf.  表示“寿命 ... 长的； 生活 ... 的”|动词live的过去式和过去分词	18050710
loosest	adj. 松的；宽松的；不确切的；不牢固的；放纵的；n. 解放；放任；放纵；v. 弄松；释放；放枪；adv. 松散地	POOR	English leftover	adj. 松的；宽松的；不确切的；不牢固的；放纵的|n. 解放；放任；放纵|v. 弄松；释放；放枪|adv. 松散地	39565
lumpur	吉隆坡	POOR	very short translation: '吉隆坡'	隆坡	2548208
malthusian	adj. 马尔萨斯人口论的；马尔萨斯主义的；n. 马尔萨斯主义者	POOR	English leftover	adj. 马尔萨斯人口论的；马尔萨斯主义的|n. 马尔萨斯主义者	53013
masterly	adj. 巧妙的；熟练的；adv. 巧妙地；熟练地	POOR	English leftover	adj. 巧妙的；熟练的|adv. 巧妙地；熟练地	112581
meckel	麦克尔	POOR	very short translation: '麦克尔'	梅克尔	48798
miniatures	n. 微缩模型；缩图；微缩礼品；缩小型细密画（miniature的复数）	POOR	English leftover	n. 微缩模型；缩图；微缩礼品；缩小型细密画（miniature的复数）	3163219
monotone	n. (说话或唱歌)单调；(文体的)单调；单调音；adj. 单调的；无变化的	POOR	English leftover	n. (说话或唱歌)单调；(文体的)单调；单调音|adj. 单调的；无变化的	1409778
montant	n. 竖杆	POOR	too short for word length	n.  <法语>竖杆	107766
morals	n. 道德；名词moral的复数形式.	POOR	English leftover	n. 道德|名词moral的复数形式.	1403442
nabt	abbr. 噪声抑制； 全国盲人教师协会； 全国生物学教师协会； 正常显露的脑组织	POOR	English leftover	abbr. =National Association of Blind Teachers 全国盲人教师协会；National Association of Biology Teachers 全国生物教师协会	13095
newly	adv. 新近地；重新地	POOR	English leftover	adv. 新近地；重新地	21102330
nonpaying	adj. 非有效的； 不合算的	POOR	English leftover	adj. 不合算的(非有效的)	37522
onside	adj. 正规位置的；不越位的；adv. 不越位地	POOR	English leftover	adj. 正规位置的；不越位的|adv. 不越位地	47355
phonily	虚假地	POOR	very short translation: '虚假地'		0
pinched	adj. 压紧的；收缩的；病恹恹的；动词pinch的过去式和过去分词形式.	POOR	English leftover	adj. 压紧的；收缩的；病恹恹的|动词pinch的过去式和过去分词形式.	398260
pkg	abbr. 包装	POOR	English leftover	abbr. 包装(=package)	4610477
postponed	adj. 延期的；缓办的；动词postpone的过去式和过去分词.	POOR	English leftover	adj. 延期的；缓办的|动词postpone的过去式和过去分词.	1964751
princesse	adj. 公主装的，紧身连衣裙的	POOR	English leftover	adj. 公主装的	150699
priori	adj. 先验的(由原因推出结果的)；adv. 先验(由原因推出结果)	POOR	English leftover	adj. 先验的(由原因推出结果的)|adv. 先验(由原因推出结果)	1016603
pushed	adj. 为(金钱、时间)所窘迫的；忙碌的；为难的；动词push的过去式和过去分词形式.	POOR	English leftover	adj. 为(金钱、时间)所窘迫的；忙碌的；为难的|动词push的过去式和过去分词形式.	6482839
py	巴拉圭	POOR	very short translation: '巴拉圭'	[域] Paraguay, 巴拉圭	1971270
qu	abbr. 夸脱；abbr. 四分之一；abbr. 季度的；abbr. 问题	POOR	English leftover	abbr. 夸脱(=quart)|abbr. 四分之一(=quarter)|abbr. 季度的(=quarterly)|abbr. 问题(=question)	1463168
quicker	adj. 快些的；形容词quick的比较级.	POOR	English leftover	adj. 快些的|形容词quick的比较级.	2673094
quickest	adj. 最快的；形容词quick的最高级.	POOR	English leftover	adj. 最快的|形容词quick的最高级.	1002715
realistic	adj. 现实的；现实主义的；逼真的；实在论的	POOR	English leftover	adj. 现实的；现实主义的	8874648
remade	adj. 再做的；重造的；动词remake的过去式和过去分词形式.	POOR	English leftover	adj. 再做的；重造的|动词remake的过去式和过去分词形式.	256566
residuals	n. 剩余额；残差；追加酬金；名词residual的复数形式.	POOR	English leftover	n. 剩余额；残差；追加酬金|名词residual的复数形式.	852590
rubina	n. [女子名] 鲁比娜 Ruby的变体	POOR	English leftover	n. 鲁比娜	21991
seducers	诱惑者	POOR	very short translation: '诱惑者'		0
seized	adj. 查封的，扣押的；v. 逮住，抓住，咬住（动词seize的过去式,动词seize的过去分词）	POOR	English leftover	adj. 查封的，扣押的|v. 逮住，抓住，咬住（动词seize的过去式,动词seize的过去分词）	3388226
shallow	adj. 浅的；薄的；n. 浅滩；浅处；v. 变浅	POOR	English leftover	adj. 浅的；薄的|n. 浅滩；浅处|v. 变浅	4834372
shaving	n. 剃须；修面；削片；动词shave的现在分词.	POOR	English leftover	n. 剃须；修面；削片|动词shave的现在分词.	2809902
shoestring	adj. 小本经营的；微小的；像鞋带一样狭长的；n. 鞋带；零星资本；小额资本	POOR	English leftover	adj. 小本经营的；微小的；像鞋带一样狭长的|n. 鞋带；零星资本；小额资本	332956
snouted	adj. 有 ... 鼻子的	POOR	English leftover	adj.  有 ... 鼻子的	14469
soldiers	n. 兵；军人；名词soldier的复数形式.	POOR	English leftover	n. 兵；军人|名词soldier的复数形式.	16175690
splintered	n. 尖碎片；分裂出来的小派别；v. 破裂；组成小派别；adj. 分离的；分裂的(政党等)	POOR	English leftover	n. 尖碎片；分裂出来的小派别|v. 破裂；组成小派别|adj. 分离的；分裂的(政党等)	155179
sportive	adj. 运动的；嬉戏的；闹着玩的；适合运动穿戴的	POOR	English leftover	adj. 爱玩的；爱好运动的	141102
stdy	稳定的	POOR	very short translation: '稳定的'	Saturday 星期六	26651
steering	n. 掌舵；转向装置；操作；指导；动词steer的现在分词.	POOR	English leftover	n. 掌舵；转向装置；操作；指导|动词steer的现在分词.	10826821
stout	adj. 强壮的；肥胖的；牢固的；坚定的；n. 烈啤酒	POOR	English leftover	adj. 强壮的；肥胖的；牢固的；坚定的|n. 烈啤酒	1939514
sulfurous	adj. 硫磺的；含有硫磺的	POOR	English leftover	adj. 硫磺的；含有硫磺的；地狱般的|=sulphurous.	31666
tables	n. 表格；名词table的复数形式.	POOR	English leftover	n. 表格|名词table的复数形式.	36089541
teenagers	n. 青少年；名词teenager的复数形式.	POOR	English leftover	n. 青少年|名词teenager的复数形式.	4979216
thrashing	n. <口>轻易击败；痛打；动词thrash的现在分词	POOR	English leftover	n. <口>轻易击败；痛打|动词thrash的现在分词	327460
toed	adj. 有趾的；斜着钉进去的；动词toe的过去式和过去分词形式.	POOR	English leftover	adj. 有趾的；斜着钉进去的|动词toe的过去式和过去分词形式.	328663
token	n. 象征；标志；纪念品；代币；代价券；[语言学]语言符号；adj. 象征性的；装样子的	POOR	English leftover	n. 象征；标志；纪念品；代币；代价券；[语言学]语言符号|adj. 象征性的；装样子的	5672353
tonight	adv. 今晚；n. 今晚	POOR	English leftover	adv. 今晚|n. 今晚	20612955
tonnes	公吨	POOR	too short for word length		0
tptb	大腕	POOR	very short translation: '大腕'	The powers that be 大腕	32376
trackers	n. 追踪者（tracker的复数形式）	POOR	English leftover	n. 追踪者（tracker的复数形式）	631230
tracking	n. 跟踪；按学生能力分组；动词track的现在分词形式.	POOR	English leftover	n. 跟踪；按学生能力分组|动词track的现在分词形式.	25294352
treatises	n. 论文；名词treatise的复数形式.	POOR	English leftover	n. 论文|名词treatise的复数形式.	283257
trotskyite	n. 托洛斯基分子；adj. 托洛斯基分子的	POOR	English leftover	n. 托洛斯基分子|adj. 托洛斯基分子的	29026
tyres	轮胎	POOR	too short for word length		0
unhumanize	非人化	POOR	very short translation: '非人化'		0
unorthodox	adj. 非正统的；异端的；异教的	POOR	English leftover	adj. 非正统的；异端的	470560
unthankful	adj. 不感谢的； 不感恩的； 不知感谢的； 使人不愉快的	POOR	English leftover	adj. 不感谢的；不感恩的；不知感谢的	14290
vassal	n. 诸侯；封臣；附庸；属国；adj. 隶属的；奴仆的	POOR	English leftover	n. 诸侯；封臣；附庸；属国|adj. 隶属的；奴仆的	121039
vender	n. 卖主；小贩；自动售货机（等于vendor）	POOR	English leftover	n. 商贩；自动贩卖机|=vendor.	164079
vestiges	n. 遗迹；名词vestige的复数形式.	POOR	English leftover	n. 遗迹|名词vestige的复数形式.	203863
vis	n. [力]力；活力；维斯岛(南斯拉夫西部的一岛屿)；abbr. 可见光谱测量	POOR	English leftover	n. [力]力；活力；维斯岛(南斯拉夫西部的一岛屿)|abbr. 可见光谱测量(=Visible Spectrometry)	3991760
vulcanized	adj. 硫化的；动词vulcanize的过去式和过去分词.	POOR	English leftover	adj. 硫化的|动词vulcanize的过去式和过去分词.	85532
weakling	n. 虚弱的人；懦弱的人；软弱的人；adj. 弱的；懦弱的	POOR	English leftover	n. 虚弱的人；懦弱的人；软弱的人|adj. 弱的；懦弱的	71404
wearied	adj. 疲倦的；厌烦的；v. 疲倦；厌烦；生厌	POOR	English leftover	adj. 疲倦的；厌烦的|v. 疲倦；厌烦；生厌	111906
wha	abbr. [医]温暖、潮湿的空气	POOR	English leftover	abbr. 世界卫生大会(=World Health Assembly)	673618
windriver	制作 Win95/98/ 下的驱动程序的好工具。支持 ISA，EISA，PCI，Plug&Play； 和	POOR	English leftover	WinDriver驱动	54098
xml	abbr. [计算机]可扩展标记语言(=extensible markup language)	POOR	English leftover	abbr. [计算机]可扩展标记语言(=extensible markup language)	57241749
yobbo	n. 游手好闲的小青年；小坏蛋；粗鲁无礼的年轻人（等于yob）	POOR	English leftover	n.  <英>小坏蛋； 小流氓	42684
